Student_ID,GPA,Learning_Style,Available_Hours_Per_Day,Free_Days_Per_Week,Subject_Count,Exam_Priority,Weak_Subjects_Count,Recommended_Hours_Per_Subject
1,5.36,Visual,3,0,7,High,2,3.32
2,7.02,Visual,3,0,4,Low,2,2.49
3,8.46,Visual,7,1,5,Medium,0,0.77
4,6.62,Kinesthetic,5,0,5,High,3,3.19
5,8.78,Kinesthetic,6,0,6,Medium,1,1.11
6,8.79,Kinesthetic,4,0,7,Medium,3,2.11
7,7.19,Visual,4,0,5,Medium,0,1.4
8,5.17,Visual,6,0,6,Low,1,2.92
9,5.12,Visual,7,1,6,Low,3,3.94
10,5.66,Auditory,7,0,7,Low,1,2.67
11,8.08,Auditory,4,0,5,High,3,2.46
12,9.93,Visual,5,1,4,High,3,1.54
13,5.61,Auditory,3,1,7,Low,2,3.2
14,5.26,Auditory,2,1,6,High,1,2.87
15,6.12,Visual,2,1,7,High,3,3.44
16,7.27,Visual,2,1,5,High,3,2.86
17,9.96,Auditory,2,0,7,Medium,1,0.52
18,7.35,Visual,4,1,5,Medium,0,1.33
19,5.57,Kinesthetic,4,0,6,Medium,0,2.22
20,9.68,Visual,3,0,5,High,3,1.66
21,6.91,Auditory,2,0,4,High,1,2.04
22,7.95,Auditory,5,1,7,High,0,1.02
23,7.02,Kinesthetic,7,1,7,Low,0,1.49
24,5.53,Auditory,6,1,7,Low,2,3.24
25,9.28,Visual,6,0,6,Medium,1,0.86
26,6.97,Visual,2,0,6,Medium,2,2.52
27,9.1,Auditory,7,0,5,Medium,1,0.95
28,8.34,Kinesthetic,6,1,7,Low,3,2.33
29,5.55,Kinesthetic,7,1,4,Low,3,3.72
30,7.51,Kinesthetic,2,1,5,Low,1,1.74
31,5.58,Kinesthetic,5,0,5,Medium,2,3.21
32,8.52,Auditory,2,0,5,Low,1,1.24
33,5.04,Auditory,3,0,6,High,1,2.98
34,5.13,Auditory,3,1,5,Low,0,2.44
35,9.53,Auditory,7,0,5,Medium,1,0.74
36,8.23,Kinesthetic,4,1,4,High,3,2.38
37,8.42,Auditory,7,1,5,Low,1,1.29
38,8.15,Auditory,7,0,4,Low,3,2.42
39,7.46,Visual,2,0,5,Low,2,2.27
40,5.72,Visual,3,1,6,High,3,3.64
41,5.19,Auditory,2,0,7,Medium,0,2.4
42,6.71,Visual,7,1,6,Low,0,1.64
43,5.71,Visual,4,0,5,High,3,3.64
44,6.36,Visual,2,0,4,Medium,3,3.32
45,6.75,Visual,5,0,4,High,3,3.12
46,8.74,Auditory,3,0,4,High,0,0.63
47,5.17,Auditory,2,0,4,High,2,3.42
48,7.54,Visual,3,0,6,Low,3,2.73
49,7.11,Visual,7,0,4,Medium,1,1.94
50,9.24,Kinesthetic,2,1,5,Low,1,0.88
51,10.0,Auditory,3,0,7,Low,3,1.5
52,8.15,Visual,3,1,5,Low,3,2.42
53,9.5,Visual,7,1,5,Medium,1,0.75
54,5.55,Kinesthetic,2,1,7,High,1,2.72
55,5.97,Auditory,5,1,7,Medium,2,3.02
56,8.29,Visual,5,1,7,High,2,1.86
57,5.44,Visual,7,0,6,Low,1,2.78
58,8.02,Visual,4,0,5,High,2,1.99
59,8.69,Auditory,3,0,6,High,2,1.66
60,8.61,Auditory,4,0,7,Medium,2,1.7
61,6.22,Kinesthetic,5,1,7,Low,0,1.89
62,8.84,Visual,4,1,5,Medium,3,2.08
63,8.62,Visual,3,0,5,High,1,1.19
64,7.93,Visual,6,0,4,Medium,1,1.54
65,8.74,Kinesthetic,7,0,6,Low,0,0.63
66,6.52,Auditory,5,1,6,High,2,2.74
67,6.69,Kinesthetic,2,0,7,Medium,0,1.65
68,8.12,Visual,3,0,6,High,3,2.44
69,7.85,Auditory,4,0,7,Low,2,2.08
70,6.83,Kinesthetic,4,1,6,Low,0,1.58
71,6.74,Visual,4,1,7,Low,0,1.63
72,6.23,Kinesthetic,3,0,4,Low,1,2.38
73,9.46,Auditory,6,1,6,Medium,2,1.27
74,7.17,Kinesthetic,6,0,4,Low,1,1.92
75,7.98,Kinesthetic,2,1,4,High,0,1.01
76,5.91,Visual,6,1,4,Low,3,3.54
77,9.3,Kinesthetic,5,1,5,Medium,1,0.85
78,6.8,Kinesthetic,2,1,5,Low,2,2.6
79,9.61,Visual,4,1,7,Low,3,1.7
80,8.75,Kinesthetic,6,1,6,Low,1,1.12
81,5.97,Kinesthetic,7,1,7,High,3,3.52
82,7.62,Kinesthetic,5,0,5,High,1,1.69
83,8.01,Visual,6,1,5,Low,2,2.0
84,9.62,Kinesthetic,2,1,7,Medium,2,1.19
85,5.75,Auditory,5,0,5,Medium,0,2.12
86,5.16,Visual,7,1,4,Medium,2,3.42
87,7.14,Auditory,3,0,7,Low,0,1.43
88,8.34,Kinesthetic,5,0,6,High,1,1.33
89,9.11,Auditory,3,0,6,High,2,1.45
90,6.29,Kinesthetic,2,1,7,High,2,2.86
91,5.32,Kinesthetic,6,0,7,Medium,1,2.84
92,9.6,Kinesthetic,4,1,6,High,0,0.2
93,9.58,Auditory,7,0,6,High,1,0.71
94,8.81,Visual,6,1,4,Medium,3,2.09
95,6.37,Visual,5,1,6,Low,2,2.82
96,7.22,Kinesthetic,7,0,4,Medium,0,1.39
97,8.53,Kinesthetic,3,0,5,Medium,1,1.24
98,5.68,Kinesthetic,7,0,6,High,0,2.16
99,6.63,Visual,6,0,5,Low,2,2.68
100,9.51,Visual,6,0,5,Low,0,0.25
101,5.1,Kinesthetic,7,0,7,Medium,0,2.45
102,5.53,Kinesthetic,3,1,4,Medium,0,2.24
103,9.35,Visual,3,0,5,Low,0,0.33
104,5.72,Auditory,7,1,5,High,3,3.64
105,8.37,Kinesthetic,2,0,5,Medium,1,1.32
106,7.57,Auditory,5,0,5,Low,1,1.72
107,5.97,Kinesthetic,4,0,6,High,1,2.52
108,9.24,Kinesthetic,7,0,7,High,3,1.88
109,7.44,Kinesthetic,7,1,6,High,0,1.28
110,5.37,Auditory,6,1,4,Medium,1,2.82
111,7.24,Visual,2,0,6,High,3,2.88
112,6.65,Auditory,7,1,7,High,1,2.17
113,8.01,Visual,4,0,4,Low,3,2.5
114,7.22,Kinesthetic,7,1,4,Low,0,1.39
115,7.58,Kinesthetic,2,0,5,Low,2,2.21
116,5.08,Visual,6,0,4,Low,2,3.46
117,5.96,Kinesthetic,7,0,5,Medium,0,2.02
118,9.94,Auditory,6,0,5,High,1,0.53
119,5.21,Kinesthetic,6,0,6,Medium,2,3.4
120,7.86,Visual,3,1,5,High,3,2.57
121,6.58,Visual,5,0,6,Low,2,2.71
122,9.0,Visual,4,1,7,High,0,0.5
123,8.94,Visual,5,0,6,High,1,1.03
124,8.73,Auditory,6,1,5,High,2,1.63
125,6.16,Visual,6,0,5,Medium,2,2.92
126,8.42,Kinesthetic,4,0,4,High,0,0.79
127,9.18,Kinesthetic,5,1,6,Medium,2,1.41
128,9.86,Visual,2,1,7,High,3,1.57
129,9.86,Kinesthetic,3,0,5,High,2,1.07
130,9.11,Auditory,7,0,7,Low,0,0.45
131,9.46,Kinesthetic,2,0,4,Low,1,0.77
132,6.42,Kinesthetic,7,0,4,Medium,2,2.79
133,9.99,Kinesthetic,3,0,6,Medium,2,1.0
134,9.54,Auditory,6,0,6,Low,3,1.73
135,7.27,Visual,5,1,4,Low,3,2.86
136,9.34,Auditory,3,1,7,Medium,1,0.83
137,7.62,Visual,2,1,5,High,0,1.19
138,6.95,Auditory,5,1,6,Low,1,2.02
139,5.56,Auditory,3,1,7,Medium,2,3.22
140,9.54,Kinesthetic,3,1,7,Medium,1,0.73
141,9.71,Auditory,3,0,7,High,2,1.14
142,6.54,Kinesthetic,6,0,5,Medium,2,2.73
143,9.19,Visual,2,0,5,Low,2,1.41
144,5.39,Visual,4,1,7,Low,3,3.8
145,6.0,Kinesthetic,3,1,6,High,1,2.5
146,6.05,Auditory,5,1,7,Medium,0,1.98
147,5.43,Kinesthetic,7,0,7,Medium,2,3.28
148,6.8,Visual,4,1,6,Medium,2,2.6
149,8.73,Auditory,6,0,7,Low,0,0.63
150,7.4,Kinesthetic,2,0,4,Low,2,2.3
151,9.04,Kinesthetic,4,0,6,Low,3,1.98
152,7.26,Visual,6,0,6,Low,1,1.87
153,5.58,Kinesthetic,4,0,6,Low,2,3.21
154,6.28,Auditory,6,0,5,Low,3,3.36
155,9.04,Kinesthetic,2,0,7,Low,1,0.98
156,6.93,Auditory,2,1,4,High,1,2.04
157,7.5,Auditory,5,0,7,Low,1,1.75
158,9.0,Auditory,7,1,4,Low,2,1.5
159,5.9,Kinesthetic,7,1,5,Medium,3,3.55
160,8.86,Kinesthetic,5,1,6,Low,1,1.07
161,7.69,Auditory,7,1,7,High,2,2.15
162,9.34,Visual,7,1,5,High,3,1.83
163,6.6,Kinesthetic,7,1,4,High,1,2.2
164,7.99,Auditory,4,0,6,High,1,1.5
165,8.49,Kinesthetic,5,1,7,High,3,2.26
166,8.89,Auditory,4,0,4,Medium,2,1.55
167,7.95,Visual,6,0,7,Medium,0,1.02
168,6.62,Visual,3,0,5,High,3,3.19
169,9.75,Kinesthetic,7,0,7,Medium,1,0.62
170,7.55,Auditory,7,1,7,Low,3,2.72
171,7.98,Auditory,4,0,7,High,0,1.01
172,6.64,Auditory,6,1,5,High,2,2.68
173,9.36,Kinesthetic,7,0,7,Low,2,1.32
174,7.11,Visual,7,0,5,High,0,1.44
175,7.5,Kinesthetic,4,0,5,Medium,0,1.25
176,5.27,Kinesthetic,3,1,7,High,3,3.86
177,5.7,Kinesthetic,6,0,7,Low,3,3.65
178,8.39,Auditory,5,0,6,Low,3,2.3
179,5.32,Kinesthetic,7,1,6,Low,2,3.34
180,8.86,Kinesthetic,2,1,4,Medium,3,2.07
181,9.52,Auditory,7,0,5,Low,2,1.24
182,7.9,Auditory,6,1,6,High,1,1.55
183,7.33,Visual,6,1,5,Low,1,1.84
184,9.42,Visual,3,1,5,Medium,2,1.29
185,6.35,Auditory,4,0,5,High,1,2.33
186,8.54,Visual,7,0,5,High,1,1.23
187,7.24,Visual,6,1,6,Medium,2,2.38
188,7.1,Visual,7,1,5,High,0,1.45
189,5.4,Kinesthetic,6,1,4,Low,0,2.3
190,8.23,Auditory,2,0,5,Low,1,1.38
191,6.83,Auditory,2,0,6,Low,0,1.58
192,8.46,Kinesthetic,4,0,7,High,0,0.77
193,5.33,Auditory,2,1,5,High,2,3.34
194,7.01,Visual,6,1,5,Medium,3,3.0
195,9.24,Kinesthetic,3,0,4,Low,3,1.88
196,8.51,Auditory,6,1,7,Medium,1,1.25
197,8.79,Auditory,7,1,6,High,3,2.11
198,7.06,Auditory,6,1,6,Medium,1,1.97
199,9.21,Visual,5,0,7,High,2,1.39
200,7.13,Kinesthetic,4,0,7,Low,3,2.94
201,5.83,Kinesthetic,6,1,7,High,1,2.58
202,5.82,Auditory,3,1,4,Low,1,2.59
203,8.9,Kinesthetic,2,1,4,Low,2,1.55
204,9.37,Visual,2,0,4,Medium,3,1.82
205,6.26,Kinesthetic,7,1,7,High,0,1.87
206,7.58,Kinesthetic,6,0,4,High,2,2.21
207,5.05,Kinesthetic,4,1,6,Medium,3,3.98
208,9.51,Visual,4,0,7,Low,3,1.74
209,7.05,Visual,3,1,7,Low,2,2.48
210,6.98,Auditory,7,1,7,Medium,0,1.51
211,7.1,Kinesthetic,3,1,7,Low,1,1.95
212,7.36,Visual,2,1,7,Medium,0,1.32
213,7.48,Visual,5,0,6,Medium,0,1.26
214,8.25,Auditory,5,1,7,Medium,2,1.88
215,9.42,Auditory,4,1,6,Medium,1,0.79
216,7.36,Visual,2,0,5,High,2,2.32
217,8.4,Kinesthetic,5,1,4,Low,3,2.3
218,8.19,Kinesthetic,3,1,5,Medium,3,2.41
219,5.39,Kinesthetic,7,0,4,Medium,2,3.3
220,8.3,Kinesthetic,3,0,6,Low,1,1.35
221,6.54,Kinesthetic,3,0,6,Medium,3,3.23
222,9.92,Kinesthetic,2,1,7,Medium,3,1.54
223,6.58,Visual,7,0,7,Low,3,3.21
224,6.65,Auditory,2,1,5,High,1,2.17
225,5.03,Auditory,2,0,5,Low,3,3.98
226,9.36,Visual,2,0,5,High,3,1.82
227,9.3,Visual,6,1,4,Low,1,0.85
228,9.53,Visual,2,1,5,Medium,0,0.24
229,9.2,Kinesthetic,2,1,7,Medium,1,0.9
230,8.68,Auditory,7,0,6,High,0,0.66
231,8.92,Visual,3,0,6,Low,2,1.54
232,9.8,Auditory,2,0,6,Low,1,0.6
233,5.92,Kinesthetic,6,1,6,Low,1,2.54
234,5.8,Auditory,4,1,7,Medium,1,2.6
235,6.56,Kinesthetic,7,0,7,Low,2,2.72
236,5.08,Auditory,7,0,4,Medium,1,2.96
237,7.85,Auditory,3,0,7,High,0,1.08
238,5.74,Visual,3,0,6,High,3,3.63
239,9.82,Kinesthetic,2,1,7,High,1,0.59
240,6.65,Visual,3,1,5,High,3,3.18
241,5.73,Visual,4,1,5,Medium,3,3.64
242,8.7,Auditory,7,1,4,Low,1,1.15
243,6.94,Auditory,7,1,4,High,1,2.03
244,5.54,Auditory,3,1,4,Medium,3,3.73
245,5.68,Auditory,4,1,4,High,1,2.66
246,6.36,Visual,2,0,4,Low,1,2.32
247,6.49,Kinesthetic,5,0,4,High,2,2.76
248,5.47,Visual,3,1,6,Low,3,3.76
249,9.09,Kinesthetic,6,0,5,Low,0,0.46
250,9.67,Kinesthetic,6,0,5,Medium,0,0.17
251,6.82,Visual,6,1,7,Low,2,2.59
252,9.87,Auditory,3,1,7,Medium,1,0.57
253,8.34,Kinesthetic,5,0,6,Low,0,0.83
254,6.82,Visual,7,0,7,High,3,3.09
255,6.18,Kinesthetic,4,1,5,Medium,2,2.91
256,7.08,Kinesthetic,7,0,5,Low,1,1.96
257,6.44,Kinesthetic,2,1,5,Low,0,1.78
258,9.95,Kinesthetic,3,0,6,Medium,1,0.53
259,9.05,Visual,7,1,4,Low,0,0.47
260,5.2,Kinesthetic,6,1,6,High,0,2.4
261,8.51,Auditory,7,0,5,Medium,0,0.75
262,8.26,Auditory,3,0,7,Low,3,2.37
263,5.93,Kinesthetic,6,0,7,Medium,3,3.54
264,9.74,Kinesthetic,2,1,4,Low,3,1.63
265,5.24,Visual,5,1,5,High,0,2.38
266,7.11,Auditory,6,0,7,High,0,1.44
267,7.63,Visual,4,0,7,Low,1,1.68
268,7.92,Auditory,6,0,4,Medium,3,2.54
269,9.38,Auditory,2,0,5,Low,3,1.81
270,6.79,Kinesthetic,5,0,7,Low,3,3.1
271,7.68,Kinesthetic,4,1,7,Low,3,2.66
272,5.35,Visual,4,0,7,Medium,3,3.82
273,8.8,Kinesthetic,2,1,7,High,1,1.1
274,8.65,Visual,6,0,4,High,3,2.17
275,5.84,Visual,6,1,5,High,1,2.58
276,9.59,Auditory,5,1,7,Medium,2,1.2
277,6.83,Auditory,5,1,5,Low,3,3.08
278,6.41,Visual,6,1,4,Low,3,3.3
279,8.02,Kinesthetic,5,0,4,Medium,0,0.99
280,5.66,Visual,3,0,6,Low,3,3.67
281,8.39,Auditory,2,1,4,High,1,1.3
282,5.99,Kinesthetic,5,1,5,Medium,3,3.5
283,6.62,Visual,5,1,6,High,2,2.69
284,9.71,Visual,7,1,4,Low,3,1.64
285,5.62,Kinesthetic,4,1,4,Low,1,2.69
286,5.21,Kinesthetic,4,0,5,Medium,3,3.9
287,8.3,Visual,2,0,6,High,1,1.35
288,7.55,Visual,7,0,5,Low,2,2.22
289,9.95,Visual,6,1,5,Medium,0,0.03
290,5.24,Auditory,6,0,5,High,3,3.88
291,7.2,Kinesthetic,2,1,5,High,3,2.9
292,9.26,Visual,7,1,4,High,2,1.37
293,6.56,Visual,6,1,7,Medium,2,2.72
294,6.92,Auditory,6,0,4,Medium,1,2.04
295,8.04,Visual,6,0,7,Medium,0,0.98
296,8.74,Visual,7,0,7,Medium,2,1.63
297,6.27,Visual,5,1,6,Medium,3,3.36
298,8.78,Visual,5,0,7,High,0,0.61
299,7.38,Visual,4,1,4,Low,1,1.81
300,7.16,Kinesthetic,4,0,6,Low,3,2.92
301,8.57,Auditory,4,0,4,Low,3,2.22
302,7.1,Visual,6,0,7,Medium,0,1.45
303,5.04,Auditory,2,1,7,Low,2,3.48
304,9.38,Kinesthetic,3,1,5,Medium,3,1.81
305,9.96,Visual,4,0,6,Low,1,0.52
306,5.49,Visual,6,1,5,Low,2,3.26
307,8.73,Visual,3,1,7,Medium,1,1.13
308,5.42,Auditory,7,1,7,Medium,2,3.29
309,5.32,Visual,4,0,7,High,2,3.34
310,7.15,Auditory,6,0,5,Low,0,1.42
311,9.73,Auditory,6,0,4,Medium,1,0.63
312,7.65,Kinesthetic,7,1,7,Low,2,2.17
313,6.42,Visual,7,0,6,Low,0,1.79
314,7.15,Visual,7,0,7,Medium,3,2.92
315,9.25,Kinesthetic,7,1,6,High,2,1.38
316,7.17,Auditory,3,1,4,High,2,2.42
317,6.83,Auditory,2,1,4,High,3,3.08
318,5.75,Kinesthetic,2,1,4,Medium,3,3.62
319,8.98,Kinesthetic,6,0,5,Low,2,1.51
320,7.62,Visual,6,1,5,High,3,2.69
321,6.29,Auditory,3,1,4,High,2,2.86
322,5.34,Visual,4,1,4,Medium,2,3.33
323,5.08,Visual,7,1,5,Medium,1,2.96
324,6.01,Auditory,2,0,7,Medium,3,3.5
325,10.0,Auditory,2,1,6,Low,3,1.5
326,6.25,Auditory,7,1,4,High,2,2.88
327,6.23,Kinesthetic,3,0,7,Medium,2,2.88
328,8.82,Kinesthetic,5,0,6,Medium,3,2.09
329,7.99,Kinesthetic,6,0,5,High,0,1.0
330,7.99,Visual,5,0,5,Medium,0,1.0
331,7.81,Auditory,6,1,5,Medium,1,1.6
332,7.92,Auditory,5,1,6,High,0,1.04
333,5.63,Visual,2,0,4,High,2,3.18
334,8.3,Auditory,3,1,7,Medium,3,2.35
335,7.02,Auditory,5,0,6,Medium,2,2.49
336,8.12,Visual,7,0,4,High,3,2.44
337,8.93,Visual,4,0,7,Low,2,1.54
338,9.93,Kinesthetic,3,0,6,Low,2,1.04
339,8.54,Auditory,5,1,6,Medium,3,2.23
340,9.82,Auditory,3,0,7,Low,0,0.09
341,9.21,Visual,7,1,5,High,2,1.39
342,7.81,Kinesthetic,6,0,7,High,2,2.1
343,9.11,Kinesthetic,7,1,7,Medium,2,1.45
344,8.03,Kinesthetic,2,0,7,Low,3,2.49
345,8.81,Auditory,2,1,5,High,2,1.59
346,7.08,Kinesthetic,4,1,4,Medium,0,1.46
347,6.9,Auditory,2,0,6,Medium,3,3.05
348,9.04,Kinesthetic,4,0,4,High,1,0.98
349,9.37,Kinesthetic,6,1,5,Medium,1,0.82
350,5.82,Auditory,3,0,7,Medium,3,3.59
351,6.44,Auditory,3,1,7,High,1,2.28
352,6.16,Kinesthetic,4,1,7,Medium,0,1.92
353,6.53,Visual,5,1,4,Low,3,3.24
354,7.75,Visual,6,1,4,High,3,2.62
355,9.79,Kinesthetic,7,1,6,High,3,1.61
356,8.55,Kinesthetic,6,1,6,Low,1,1.22
357,7.26,Auditory,7,0,5,Medium,3,2.87
358,6.7,Kinesthetic,2,1,4,Low,1,2.15
359,8.05,Visual,6,1,6,Medium,0,0.97
360,8.05,Auditory,6,0,7,Low,3,2.47
361,7.48,Visual,5,1,7,Low,2,2.26
362,6.32,Kinesthetic,7,1,6,High,3,3.34
363,6.08,Kinesthetic,6,1,7,Low,1,2.46
364,9.99,Visual,4,0,5,Low,3,1.5
365,8.43,Visual,6,0,7,Medium,1,1.28
366,9.85,Auditory,3,0,5,Medium,2,1.08
367,6.9,Visual,4,1,4,High,0,1.55
368,6.47,Auditory,4,0,4,Low,1,2.26
369,7.68,Visual,5,1,7,High,1,1.66
370,9.73,Kinesthetic,4,1,4,Medium,0,0.13
371,7.28,Visual,4,0,4,High,2,2.36
372,6.82,Kinesthetic,3,1,4,Low,3,3.09
373,8.59,Kinesthetic,2,1,5,Medium,2,1.7
374,8.07,Visual,5,1,6,High,0,0.96
375,9.49,Auditory,2,1,4,High,0,0.25
376,6.92,Visual,7,0,4,Medium,2,2.54
377,7.67,Visual,3,1,5,Medium,3,2.66
378,6.56,Auditory,5,0,6,Medium,2,2.72
379,6.83,Kinesthetic,3,1,4,Medium,0,1.58
380,9.71,Kinesthetic,3,1,7,Medium,2,1.14
381,7.17,Visual,5,0,6,Low,0,1.42
382,9.72,Visual,3,1,7,High,3,1.64
383,6.8,Kinesthetic,2,1,6,Medium,2,2.6
384,6.82,Auditory,3,1,4,High,1,2.09
385,8.85,Auditory,6,0,7,Low,0,0.58
386,6.76,Auditory,4,0,6,Low,0,1.62
387,8.3,Kinesthetic,6,1,5,Low,0,0.85
388,7.56,Auditory,4,0,4,High,2,2.22
389,9.39,Visual,7,0,4,High,1,0.8
390,9.61,Kinesthetic,5,0,4,Medium,0,0.2
391,6.96,Visual,3,1,5,Low,0,1.52
392,8.72,Kinesthetic,6,1,7,Low,1,1.14
393,7.27,Kinesthetic,2,1,4,Medium,1,1.87
394,8.82,Kinesthetic,5,0,6,Low,2,1.59
395,8.19,Auditory,2,0,6,Low,1,1.41
396,6.03,Kinesthetic,4,1,7,High,2,2.98
397,5.29,Kinesthetic,7,0,7,High,3,3.86
398,7.23,Kinesthetic,4,0,4,High,0,1.38
399,9.04,Visual,4,1,4,High,0,0.48
400,8.31,Visual,2,1,6,High,1,1.34
401,6.15,Kinesthetic,2,0,5,High,3,3.42
402,8.17,Kinesthetic,7,0,7,High,2,1.92
403,5.2,Auditory,7,1,5,Low,2,3.4
404,8.2,Auditory,7,1,4,Low,2,1.9
405,9.92,Kinesthetic,6,0,5,High,0,0.04
406,9.13,Visual,4,0,6,Low,0,0.43
407,5.15,Auditory,7,0,5,Low,0,2.42
408,5.45,Auditory,6,1,5,Low,2,3.28
409,9.85,Visual,2,1,7,Low,0,0.08
410,7.65,Kinesthetic,2,1,6,High,2,2.17
411,6.07,Kinesthetic,2,1,6,Medium,2,2.96
412,5.62,Kinesthetic,3,0,5,Medium,0,2.19
413,5.55,Visual,5,0,6,Medium,3,3.72
414,9.63,Visual,3,0,6,High,0,0.18
415,9.33,Auditory,6,0,4,High,0,0.34
416,5.5,Auditory,2,0,7,Medium,3,3.75
417,9.78,Visual,2,1,4,High,3,1.61
418,5.08,Visual,4,1,7,Medium,2,3.46
419,7.88,Auditory,4,0,5,High,3,2.56
420,7.59,Auditory,3,1,5,Low,3,2.7
421,8.82,Visual,5,1,6,High,2,1.59
422,5.8,Auditory,2,0,5,High,3,3.6
423,6.61,Visual,3,1,5,High,2,2.7
424,7.35,Kinesthetic,5,1,6,High,0,1.33
425,8.22,Visual,7,1,4,High,1,1.39
426,7.97,Kinesthetic,3,1,6,Low,0,1.02
427,5.47,Auditory,6,1,7,Medium,1,2.76
428,8.6,Kinesthetic,4,0,7,High,1,1.2
429,8.99,Visual,7,0,4,Low,2,1.5
430,5.68,Kinesthetic,7,0,7,Medium,2,3.16
431,9.67,Visual,2,0,4,Medium,0,0.17
432,9.53,Kinesthetic,6,1,6,Medium,1,0.74
433,5.88,Visual,5,0,7,High,1,2.56
434,7.42,Visual,2,0,5,High,3,2.79
435,8.41,Kinesthetic,5,0,7,Low,0,0.8
436,7.82,Visual,4,0,7,High,2,2.09
437,5.09,Auditory,7,1,6,Medium,0,2.46
438,5.11,Kinesthetic,4,1,6,High,1,2.94
439,5.81,Auditory,3,0,4,Low,0,2.1
440,8.53,Kinesthetic,2,0,5,High,3,2.24
441,8.79,Visual,7,0,6,Low,3,2.11
442,5.32,Kinesthetic,5,0,5,Low,3,3.84
443,9.63,Auditory,7,1,4,Medium,3,1.68
444,8.77,Auditory,6,0,6,Low,3,2.12
445,8.06,Visual,2,0,7,High,0,0.97
446,9.71,Visual,4,1,5,Low,3,1.64
447,5.22,Kinesthetic,2,1,5,Medium,1,2.89
448,5.13,Visual,4,1,5,Medium,1,2.94
449,5.08,Visual,4,0,5,Medium,3,3.96
450,5.61,Kinesthetic,2,0,5,Medium,3,3.7
451,8.29,Visual,4,0,5,Medium,0,0.86
452,6.77,Auditory,2,0,5,Low,0,1.62
453,8.69,Kinesthetic,7,1,5,Medium,2,1.66
454,8.64,Kinesthetic,6,1,7,High,3,2.18
455,7.64,Auditory,2,0,5,Medium,0,1.18
456,6.18,Visual,5,0,6,High,1,2.41
457,9.4,Visual,6,0,7,Medium,1,0.8
458,6.65,Auditory,2,1,7,High,2,2.68
459,8.13,Kinesthetic,7,1,4,Low,3,2.43
460,5.2,Auditory,3,0,4,Medium,1,2.9
461,9.35,Kinesthetic,6,0,7,Low,3,1.83
462,6.31,Auditory,5,1,4,Medium,0,1.85
463,5.77,Auditory,5,1,4,Medium,3,3.62
464,7.32,Kinesthetic,5,1,6,Medium,2,2.34
465,8.27,Visual,4,1,7,Medium,1,1.37
466,6.15,Kinesthetic,3,1,5,High,3,3.42
467,8.79,Visual,2,0,6,High,2,1.61
468,8.52,Kinesthetic,5,1,5,Low,1,1.24
469,5.98,Kinesthetic,7,1,5,Medium,3,3.51
470,9.0,Kinesthetic,4,0,5,Low,2,1.5
471,6.07,Auditory,7,1,7,Medium,3,3.46
472,5.35,Kinesthetic,4,1,5,Low,1,2.82
473,9.81,Kinesthetic,5,0,6,High,3,1.59
474,6.04,Kinesthetic,3,0,5,Medium,0,1.98
475,6.85,Visual,2,0,5,High,3,3.08
476,9.47,Visual,5,1,7,Low,1,0.76
477,7.49,Visual,6,0,5,Medium,1,1.76
478,7.36,Kinesthetic,5,0,5,Medium,3,2.82
479,5.15,Visual,7,0,6,High,3,3.92
480,8.43,Visual,2,1,6,Low,2,1.78
481,9.19,Visual,6,0,5,Low,3,1.91
482,5.79,Visual,2,1,4,Medium,0,2.1
483,7.7,Kinesthetic,7,1,5,Medium,0,1.15
484,6.32,Kinesthetic,7,0,6,Low,3,3.34
485,5.29,Kinesthetic,7,1,5,Medium,0,2.36
486,5.88,Kinesthetic,4,0,5,High,3,3.56
487,7.43,Kinesthetic,7,0,6,Low,3,2.78
488,6.79,Auditory,2,0,4,High,3,3.1
489,5.08,Auditory,7,0,5,Medium,2,3.46
490,5.39,Visual,2,0,6,High,0,2.31
491,6.43,Visual,5,0,6,Low,3,3.28
492,7.23,Auditory,2,0,6,Low,2,2.38
493,5.6,Kinesthetic,7,0,7,Low,2,3.2
494,6.35,Visual,3,0,6,Medium,2,2.82
495,6.58,Visual,7,0,6,High,1,2.21
496,7.13,Visual,5,0,7,Low,3,2.94
497,5.15,Auditory,3,0,7,Low,1,2.92
498,7.89,Visual,6,0,6,Low,0,1.06
499,6.66,Visual,5,1,6,Medium,3,3.17
500,8.72,Auditory,3,0,4,Medium,3,2.14
501,7.55,Visual,7,1,6,Medium,3,2.72
502,7.97,Visual,2,0,6,High,3,2.52
503,7.58,Auditory,7,0,5,High,1,1.71
504,9.82,Auditory,5,1,6,High,3,1.59
505,6.07,Auditory,4,1,7,Medium,3,3.46
506,5.43,Auditory,7,1,7,Low,0,2.28
507,5.98,Visual,4,1,5,Low,3,3.51
508,8.6,Auditory,7,0,4,Low,3,2.2
509,7.43,Visual,5,0,4,Medium,0,1.28
510,8.04,Kinesthetic,6,1,6,High,1,1.48
511,7.13,Auditory,3,1,7,Medium,3,2.94
512,8.31,Visual,4,0,7,High,1,1.34
513,9.04,Auditory,6,0,5,High,0,0.48
514,7.54,Visual,7,0,4,Medium,2,2.23
515,6.97,Kinesthetic,7,0,5,High,3,3.02
516,6.68,Kinesthetic,3,0,5,High,1,2.16
517,9.87,Auditory,2,0,7,Low,1,0.57
518,6.14,Visual,5,1,4,Medium,0,1.93
519,8.15,Kinesthetic,7,0,4,Low,0,0.92
520,8.48,Kinesthetic,3,1,7,High,1,1.26
521,6.67,Kinesthetic,4,1,5,Medium,0,1.66
522,9.63,Kinesthetic,3,1,4,Medium,3,1.68
523,9.77,Auditory,4,1,7,Low,1,0.62
524,8.34,Kinesthetic,3,0,6,High,2,1.83
525,9.48,Visual,4,1,4,Low,3,1.76
526,7.7,Visual,3,0,7,High,2,2.15
527,5.76,Auditory,7,0,6,Low,0,2.12
528,6.14,Auditory,2,1,5,Medium,2,2.93
529,7.03,Auditory,3,1,6,Low,0,1.48
530,6.58,Auditory,2,1,7,High,0,1.71
531,5.52,Kinesthetic,4,1,4,Low,1,2.74
532,7.18,Visual,2,1,6,Low,2,2.41
533,5.53,Auditory,7,0,5,Medium,1,2.74
534,7.95,Kinesthetic,6,0,5,Low,0,1.02
535,7.09,Visual,4,1,4,High,3,2.96
536,9.64,Visual,3,1,5,High,1,0.68
537,8.05,Kinesthetic,4,0,4,Medium,0,0.97
538,7.36,Kinesthetic,3,0,6,High,0,1.32
539,9.46,Visual,2,1,6,Low,2,1.27
540,5.44,Visual,2,0,4,High,2,3.28
541,8.49,Kinesthetic,5,0,5,High,3,2.26
542,5.53,Visual,5,0,6,Medium,2,3.24
543,8.78,Auditory,3,0,4,High,0,0.61
544,8.66,Visual,7,0,5,Medium,3,2.17
545,6.11,Kinesthetic,2,0,5,Low,3,3.44
546,6.82,Kinesthetic,5,1,4,Medium,3,3.09
547,6.12,Visual,6,1,7,High,1,2.44
548,7.84,Visual,7,1,4,Medium,3,2.58
549,9.41,Auditory,6,0,5,High,1,0.8
550,6.14,Kinesthetic,6,0,4,Medium,1,2.43
551,5.34,Kinesthetic,3,0,6,High,2,3.33
552,8.25,Visual,6,1,4,Medium,2,1.88
553,7.97,Kinesthetic,3,1,6,Medium,3,2.52
554,6.69,Visual,6,1,7,Low,0,1.65
555,9.65,Auditory,6,0,7,High,3,1.67
556,7.72,Auditory,4,0,5,Low,0,1.14
557,7.46,Auditory,4,0,7,Medium,0,1.27
558,5.83,Visual,6,1,6,High,2,3.08
559,8.74,Kinesthetic,5,0,7,High,1,1.13
560,5.71,Kinesthetic,5,0,7,Medium,2,3.14
561,9.96,Visual,4,0,7,Medium,3,1.52
562,8.76,Auditory,5,1,6,High,2,1.62
563,6.35,Visual,2,0,6,Medium,2,2.82
564,5.57,Kinesthetic,5,1,6,Low,0,2.22
565,6.45,Visual,5,0,5,High,0,1.78
566,7.13,Kinesthetic,4,1,6,Low,0,1.44
567,8.67,Auditory,4,0,5,Low,1,1.16
568,9.86,Auditory,4,1,5,Medium,1,0.57
569,6.27,Visual,4,1,6,Medium,2,2.86
570,7.02,Visual,6,1,5,Low,2,2.49
571,7.91,Visual,7,0,6,Medium,0,1.04
572,7.93,Kinesthetic,2,0,7,Medium,1,1.54
573,7.12,Auditory,2,1,4,Low,2,2.44
574,6.89,Visual,2,0,5,Medium,2,2.56
575,8.86,Kinesthetic,4,0,4,High,2,1.57
576,5.27,Visual,3,1,5,High,0,2.37
577,7.83,Kinesthetic,5,0,6,High,0,1.08
578,6.43,Kinesthetic,4,0,7,Medium,0,1.78
579,8.22,Auditory,6,0,5,Medium,3,2.39
580,7.55,Visual,3,0,4,High,2,2.22
581,7.04,Auditory,3,1,6,Low,2,2.48
582,7.88,Auditory,7,0,4,Medium,3,2.56
583,6.24,Visual,7,1,7,Low,1,2.38
584,5.1,Auditory,4,1,4,High,0,2.45
585,6.85,Kinesthetic,4,1,7,Medium,0,1.58
586,5.37,Kinesthetic,6,0,6,High,2,3.32
587,7.41,Auditory,4,1,6,Medium,3,2.8
588,7.0,Kinesthetic,5,1,6,Low,3,3.0
589,9.95,Visual,7,1,4,High,2,1.03
590,5.57,Kinesthetic,5,0,4,Low,3,3.72
591,9.86,Kinesthetic,5,1,6,Medium,1,0.57
592,7.9,Auditory,7,1,6,Low,0,1.05
593,7.65,Kinesthetic,7,1,5,High,2,2.17
594,5.5,Auditory,3,1,6,High,0,2.25
595,7.21,Auditory,5,1,5,High,0,1.4
596,6.69,Auditory,4,0,6,High,1,2.15
597,5.81,Kinesthetic,7,1,5,High,0,2.1
598,5.99,Visual,6,0,7,High,1,2.5
599,5.43,Auditory,3,0,6,Medium,2,3.28
600,6.69,Auditory,2,0,7,Medium,0,1.65
601,7.69,Kinesthetic,3,0,6,Low,1,1.65
602,6.27,Auditory,3,1,5,High,3,3.36
603,5.47,Visual,3,0,4,Low,0,2.26
604,7.34,Auditory,6,1,7,Low,1,1.83
605,7.91,Auditory,3,0,5,Low,1,1.54
606,8.21,Auditory,3,1,4,Low,2,1.89
607,5.74,Auditory,5,0,5,Low,2,3.13
608,5.91,Auditory,7,0,7,High,3,3.54
609,5.19,Auditory,2,0,4,High,1,2.9
610,6.79,Visual,7,0,6,Medium,2,2.6
611,5.19,Auditory,4,1,6,Medium,3,3.9
612,9.33,Kinesthetic,2,1,4,High,0,0.34
613,6.28,Visual,4,1,7,High,0,1.86
614,7.84,Visual,2,1,5,High,0,1.08
615,5.58,Visual,6,1,7,Low,3,3.71
616,7.03,Visual,4,1,6,Low,3,2.98
617,5.89,Visual,2,1,6,Low,3,3.56
618,6.08,Auditory,7,0,5,Low,1,2.46
619,7.13,Kinesthetic,6,1,7,High,1,1.94
620,8.1,Visual,2,0,6,High,1,1.45
621,8.78,Auditory,5,1,4,Medium,1,1.11
622,8.05,Visual,2,0,7,Medium,3,2.47
623,5.58,Kinesthetic,4,0,6,Low,3,3.71
624,7.99,Visual,2,1,6,Low,2,2.0
625,8.83,Kinesthetic,2,0,4,Low,3,2.08
626,9.84,Visual,6,1,4,Medium,1,0.58
627,8.55,Kinesthetic,5,1,6,Low,0,0.72
628,9.49,Visual,3,1,5,High,0,0.25
629,5.26,Kinesthetic,3,1,7,Medium,2,3.37
630,6.32,Visual,7,1,6,Low,0,1.84
631,8.91,Kinesthetic,3,1,5,Medium,1,1.04
632,8.17,Auditory,4,1,5,High,2,1.92
633,6.24,Visual,3,1,6,High,1,2.38
634,9.86,Auditory,5,0,5,Low,0,0.07
635,5.37,Kinesthetic,7,0,6,High,2,3.32
636,8.96,Auditory,7,0,6,Low,1,1.02
637,6.31,Kinesthetic,5,0,7,High,2,2.84
638,9.46,Kinesthetic,2,1,6,Low,0,0.27
639,9.06,Visual,6,1,4,High,0,0.47
640,7.04,Auditory,2,0,6,Low,2,2.48
641,7.35,Visual,2,1,6,Low,3,2.82
642,6.29,Auditory,4,1,7,Low,1,2.36
643,7.44,Visual,5,1,6,High,2,2.28
644,7.48,Auditory,6,1,4,Low,2,2.26
645,6.49,Auditory,3,1,5,High,3,3.26
646,7.1,Kinesthetic,7,0,5,Medium,1,1.95
647,6.37,Auditory,3,1,5,Medium,1,2.32
648,7.41,Visual,7,1,5,High,3,2.8
649,8.17,Auditory,4,1,6,High,2,1.92
650,5.34,Kinesthetic,7,1,4,High,2,3.33
651,8.07,Visual,4,1,4,High,3,2.46
652,9.3,Kinesthetic,2,1,6,Low,0,0.35
653,5.87,Visual,5,1,7,Medium,3,3.56
654,7.64,Kinesthetic,7,1,7,High,0,1.18
655,5.86,Kinesthetic,5,0,6,Low,3,3.57
656,6.43,Auditory,2,1,5,Low,1,2.28
657,8.75,Auditory,6,0,7,Medium,2,1.62
658,9.91,Kinesthetic,5,1,7,High,2,1.04
659,9.33,Visual,6,0,7,Medium,1,0.84
660,7.1,Kinesthetic,7,1,5,Medium,0,1.45
661,5.2,Kinesthetic,5,0,5,High,1,2.9
662,5.06,Auditory,5,0,5,Low,0,2.47
663,5.25,Kinesthetic,3,0,7,High,0,2.38
664,8.97,Kinesthetic,7,1,4,Low,0,0.51
665,7.19,Kinesthetic,2,1,4,High,3,2.9
666,8.13,Visual,6,1,7,Medium,0,0.93
667,7.36,Kinesthetic,2,0,4,High,3,2.82
668,9.0,Auditory,2,0,7,Medium,2,1.5
669,9.42,Kinesthetic,7,0,4,Low,2,1.29
670,7.27,Visual,7,1,5,High,3,2.86
671,9.58,Auditory,2,1,4,High,0,0.21
672,9.88,Auditory,2,1,6,High,2,1.06
673,6.72,Auditory,6,1,5,Low,2,2.64
674,6.89,Auditory,5,0,6,Medium,2,2.56
675,5.24,Auditory,7,0,6,High,0,2.38
676,7.7,Auditory,6,0,5,Low,3,2.65
677,8.01,Visual,7,1,5,High,2,2.0
678,8.04,Visual,6,1,7,Low,1,1.48
679,6.51,Auditory,5,1,5,Low,2,2.74
680,7.0,Auditory,4,0,4,Medium,3,3.0
681,8.87,Auditory,2,1,7,Low,1,1.07
682,8.32,Kinesthetic,4,0,6,Medium,2,1.84
683,5.24,Auditory,2,1,5,Medium,3,3.88
684,8.23,Visual,3,0,4,High,3,2.38
685,6.29,Kinesthetic,7,1,6,Low,0,1.86
686,6.71,Visual,4,0,5,High,1,2.14
687,8.51,Auditory,3,0,4,High,0,0.75
688,6.75,Visual,6,1,6,Low,3,3.12
689,6.49,Kinesthetic,4,1,6,High,0,1.76
690,8.33,Auditory,4,1,4,High,1,1.34
691,6.48,Auditory,3,0,5,High,1,2.26
692,5.02,Kinesthetic,2,0,5,Low,1,2.99
693,5.77,Visual,3,1,6,Low,1,2.62
694,6.05,Auditory,6,0,4,High,1,2.48
695,6.29,Auditory,6,1,4,Low,3,3.36
696,7.85,Kinesthetic,7,0,6,Medium,3,2.58
697,5.36,Auditory,4,0,5,Low,3,3.82
698,9.03,Visual,7,1,5,Medium,2,1.49
699,7.48,Auditory,3,1,5,Medium,3,2.76
700,6.21,Visual,4,0,5,High,2,2.9
701,5.56,Kinesthetic,2,0,7,Medium,2,3.22
702,5.26,Visual,2,0,5,Low,1,2.87
703,6.84,Auditory,5,1,7,High,0,1.58
704,9.05,Auditory,4,1,6,Medium,1,0.97
705,9.2,Auditory,2,1,7,High,2,1.4
706,6.69,Auditory,3,0,4,Low,0,1.65
707,7.64,Auditory,6,0,7,High,1,1.68
708,5.37,Kinesthetic,4,0,4,High,1,2.82
709,9.15,Visual,6,1,5,Low,2,1.42
710,9.74,Auditory,3,1,4,High,3,1.63
711,6.32,Kinesthetic,3,0,6,Low,3,3.34
712,6.29,Kinesthetic,4,1,4,High,0,1.86
713,6.92,Visual,7,0,6,High,1,2.04
714,5.28,Auditory,2,1,7,Low,0,2.36
715,8.31,Auditory,5,0,5,High,3,2.34
716,7.95,Visual,2,0,6,High,0,1.02
717,8.08,Kinesthetic,6,1,7,Medium,3,2.46
718,6.64,Auditory,6,1,6,Low,2,2.68
719,6.93,Visual,4,0,5,Medium,0,1.54
720,6.79,Auditory,2,1,4,High,0,1.6
721,8.19,Auditory,2,0,7,High,2,1.91
722,8.98,Visual,7,1,5,High,0,0.51
723,6.23,Auditory,7,1,5,Medium,2,2.88
724,7.96,Kinesthetic,5,0,4,Medium,1,1.52
725,5.93,Auditory,6,0,6,Low,3,3.54
726,9.15,Kinesthetic,2,1,7,Medium,0,0.42
727,9.23,Kinesthetic,7,0,4,Medium,1,0.88
728,7.95,Auditory,6,1,5,High,2,2.02
729,9.25,Kinesthetic,4,1,6,Medium,0,0.38
730,9.8,Kinesthetic,4,1,4,Medium,0,0.1
731,8.05,Auditory,6,1,5,Low,3,2.47
732,9.59,Visual,7,1,6,High,0,0.21
733,9.86,Visual,5,0,4,Low,3,1.57
734,7.12,Kinesthetic,2,1,6,Medium,1,1.94
735,8.62,Visual,5,1,7,Medium,0,0.69
736,6.7,Auditory,4,1,7,High,2,2.65
737,8.25,Auditory,5,0,7,High,0,0.88
738,7.46,Auditory,2,1,7,Low,3,2.77
739,6.22,Visual,7,0,7,Low,0,1.89
740,9.3,Auditory,3,0,7,Low,2,1.35
741,6.53,Visual,4,0,5,Low,1,2.24
742,8.9,Visual,7,0,5,Low,1,1.05
743,8.89,Auditory,4,1,6,Medium,0,0.55
744,7.43,Auditory,5,1,6,Medium,0,1.28
745,9.25,Auditory,3,1,6,Low,2,1.38
746,5.13,Kinesthetic,6,0,6,High,2,3.44
747,8.31,Kinesthetic,6,1,6,Low,3,2.34
748,5.94,Kinesthetic,5,0,5,Low,2,3.03
749,5.62,Kinesthetic,6,1,4,High,3,3.69
750,8.83,Visual,4,1,4,High,1,1.08
751,7.54,Auditory,4,0,4,Low,3,2.73
752,8.29,Kinesthetic,2,0,7,Low,2,1.86
753,8.19,Visual,7,1,7,Medium,3,2.41
754,6.77,Kinesthetic,3,1,5,Low,0,1.62
755,8.27,Kinesthetic,4,1,4,Low,0,0.87
756,5.53,Auditory,2,0,4,Medium,2,3.24
757,5.01,Kinesthetic,2,1,4,Low,1,3.0
758,8.85,Visual,5,1,6,Low,3,2.08
759,9.7,Visual,7,0,5,High,3,1.65
760,8.52,Kinesthetic,2,1,4,High,1,1.24
761,5.64,Auditory,5,0,5,Medium,1,2.68
762,6.56,Visual,6,1,5,High,2,2.72
763,8.56,Kinesthetic,7,1,5,Low,3,2.22
764,9.12,Auditory,5,0,4,High,3,1.94
765,6.31,Visual,6,0,7,Medium,0,1.85
766,5.02,Kinesthetic,4,1,4,Low,2,3.49
767,8.82,Auditory,3,0,7,High,0,0.59
768,8.05,Auditory,3,1,6,High,2,1.97
769,6.04,Visual,2,0,5,Low,0,1.98
770,6.79,Visual,7,1,7,High,0,1.6
771,8.19,Visual,5,1,7,High,0,0.91
772,9.59,Kinesthetic,5,0,5,High,2,1.2
773,5.39,Visual,2,0,4,Low,3,3.8
774,7.87,Auditory,5,0,4,Low,1,1.56
775,6.49,Kinesthetic,5,1,4,Low,1,2.26
776,5.99,Kinesthetic,5,0,4,Low,3,3.5
777,7.07,Auditory,3,1,6,High,3,2.96
778,5.88,Visual,5,1,6,Medium,0,2.06
779,5.67,Kinesthetic,7,0,6,High,2,3.16
780,8.19,Auditory,5,1,6,Low,3,2.41
781,8.53,Kinesthetic,2,1,6,High,0,0.74
782,9.72,Auditory,5,0,6,Medium,1,0.64
783,5.48,Visual,7,1,7,Low,1,2.76
784,7.56,Kinesthetic,4,1,7,Medium,0,1.22
785,9.03,Kinesthetic,7,1,6,Medium,3,1.99
786,5.88,Visual,6,1,4,High,2,3.06
787,8.53,Kinesthetic,7,1,4,Low,1,1.24
788,7.07,Visual,7,1,5,Medium,1,1.96
789,7.38,Auditory,6,1,6,Medium,3,2.81
790,7.16,Kinesthetic,7,1,5,High,3,2.92
791,5.58,Kinesthetic,2,1,7,High,2,3.21
792,6.11,Visual,4,1,6,Low,1,2.44
793,8.29,Kinesthetic,6,0,5,Medium,3,2.36
794,8.3,Kinesthetic,3,1,5,Low,2,1.85
795,8.06,Auditory,4,1,4,High,1,1.47
796,5.26,Kinesthetic,7,1,4,Low,0,2.37
797,5.1,Kinesthetic,2,1,6,High,0,2.45
798,7.23,Kinesthetic,4,1,7,Medium,1,1.88
799,7.15,Visual,3,0,5,High,3,2.92
800,9.73,Auditory,7,0,4,High,3,1.63
801,7.95,Visual,2,0,5,Medium,1,1.52
802,8.71,Kinesthetic,4,1,6,High,2,1.64
803,5.4,Visual,3,1,4,High,1,2.8
804,7.4,Auditory,5,0,4,High,1,1.8
805,6.49,Visual,6,1,7,Low,1,2.26
806,8.24,Kinesthetic,6,0,5,High,0,0.88
807,5.79,Visual,5,0,5,High,2,3.1
808,5.75,Visual,3,0,4,Medium,3,3.62
809,9.49,Auditory,6,1,5,Medium,2,1.25
810,9.71,Kinesthetic,5,0,6,High,1,0.64
811,7.0,Kinesthetic,3,1,6,High,0,1.5
812,5.73,Kinesthetic,4,1,4,High,3,3.64
813,8.87,Visual,6,1,7,High,3,2.07
814,6.64,Auditory,7,0,6,Low,0,1.68
815,5.39,Auditory,5,1,6,Low,3,3.8
816,6.9,Kinesthetic,7,1,6,High,2,2.55
817,7.66,Kinesthetic,5,0,6,Medium,2,2.17
818,8.48,Visual,5,1,4,Low,3,2.26
819,8.98,Visual,7,0,4,High,2,1.51
820,6.56,Auditory,6,0,7,Low,2,2.72
821,6.08,Auditory,3,0,4,High,0,1.96
822,9.16,Auditory,3,0,6,Medium,1,0.92
823,6.2,Kinesthetic,3,1,6,Low,1,2.4
824,5.8,Visual,7,1,4,High,0,2.1
825,5.6,Visual,6,1,4,High,2,3.2
826,8.6,Visual,7,1,5,Low,1,1.2
827,7.94,Kinesthetic,6,1,7,Low,2,2.03
828,5.42,Kinesthetic,5,0,4,Medium,2,3.29
829,9.6,Auditory,5,0,7,Low,2,1.2
830,5.72,Kinesthetic,2,0,6,High,0,2.14
831,9.74,Visual,4,1,6,High,0,0.13
832,6.84,Visual,2,1,4,High,3,3.08
833,5.89,Visual,2,1,5,High,1,2.56
834,9.86,Kinesthetic,4,0,4,High,1,0.57
835,7.33,Kinesthetic,4,0,6,High,0,1.34
836,9.12,Auditory,5,1,5,High,3,1.94
837,6.15,Visual,6,0,5,High,1,2.42
838,5.41,Auditory,6,0,5,High,3,3.8
839,6.69,Kinesthetic,2,0,7,High,1,2.15
840,8.16,Kinesthetic,2,1,7,High,1,1.42
841,9.9,Auditory,4,1,6,Low,2,1.05
842,9.48,Auditory,3,1,7,Low,3,1.76
843,8.91,Visual,7,0,7,High,0,0.54
844,7.08,Auditory,5,0,7,Low,3,2.96
845,7.43,Kinesthetic,4,1,7,Medium,0,1.28
846,9.0,Kinesthetic,3,1,7,Low,2,1.5
847,8.71,Visual,6,0,5,High,3,2.14
848,7.84,Kinesthetic,2,0,6,Medium,0,1.08
849,8.55,Auditory,4,1,6,Low,2,1.72
850,8.7,Kinesthetic,4,0,6,Low,2,1.65
851,8.4,Kinesthetic,4,0,4,Medium,0,0.8
852,8.7,Kinesthetic,7,0,4,High,2,1.65
853,5.29,Auditory,5,0,6,High,3,3.86
854,5.76,Auditory,2,0,5,Low,0,2.12
855,5.99,Auditory,2,1,5,Medium,3,3.5
856,5.2,Visual,3,1,5,High,2,3.4
857,6.64,Kinesthetic,3,1,7,High,3,3.18
858,8.72,Auditory,2,1,4,Low,3,2.14
859,8.75,Kinesthetic,2,1,7,High,3,2.12
860,5.61,Kinesthetic,6,0,5,Medium,3,3.7
861,9.91,Kinesthetic,5,1,5,High,0,0.04
862,9.35,Auditory,4,1,6,High,0,0.33
863,7.88,Auditory,3,0,7,Medium,1,1.56
864,5.02,Auditory,2,0,4,High,1,2.99
865,9.28,Kinesthetic,4,0,4,Low,1,0.86
866,5.44,Kinesthetic,2,1,7,Medium,0,2.28
867,6.58,Auditory,6,0,4,Low,1,2.21
868,9.35,Visual,7,1,6,Low,0,0.33
869,7.76,Auditory,5,1,6,Medium,3,2.62
870,6.16,Visual,3,0,4,Low,1,2.42
871,6.9,Kinesthetic,6,1,4,Low,1,2.05
872,7.35,Visual,6,1,4,Low,3,2.82
873,5.73,Kinesthetic,4,1,6,High,1,2.64
874,8.86,Auditory,5,1,7,Low,0,0.57
875,5.81,Auditory,6,1,4,High,1,2.6
876,8.33,Auditory,6,0,5,High,2,1.84
877,5.17,Auditory,6,0,7,High,1,2.92
878,5.18,Auditory,4,0,7,Medium,2,3.41
879,5.68,Auditory,2,1,7,High,3,3.66
880,6.9,Auditory,5,1,4,Low,2,2.55
881,9.96,Auditory,6,0,4,Medium,2,1.02
882,6.87,Auditory,7,0,6,Low,3,3.06
883,5.64,Auditory,3,0,7,Low,1,2.68
884,7.53,Kinesthetic,4,1,5,Low,0,1.23
885,5.81,Visual,3,1,5,High,0,2.1
886,6.8,Visual,5,0,7,Medium,2,2.6
887,8.75,Auditory,7,0,6,High,1,1.12
888,5.41,Auditory,2,1,6,Medium,1,2.8
889,6.48,Visual,4,1,6,Medium,2,2.76
890,9.56,Kinesthetic,5,0,7,High,1,0.72
891,7.19,Auditory,2,1,6,Medium,0,1.4
892,5.21,Kinesthetic,2,1,5,Low,0,2.4
893,9.46,Kinesthetic,3,1,4,High,1,0.77
894,9.33,Auditory,7,1,6,High,2,1.34
895,7.86,Kinesthetic,7,0,5,Medium,0,1.07
896,5.53,Visual,3,1,6,High,1,2.74
897,8.6,Auditory,4,0,7,High,0,0.7
898,5.23,Visual,5,1,7,Medium,1,2.88
899,5.3,Auditory,6,0,5,Low,2,3.35
900,7.72,Kinesthetic,3,0,7,Low,1,1.64
901,6.75,Auditory,2,0,6,High,0,1.62
902,9.38,Auditory,4,1,7,High,2,1.31
903,7.16,Kinesthetic,4,0,4,Low,0,1.42
904,5.41,Kinesthetic,3,0,4,High,0,2.3
905,5.35,Auditory,3,0,5,Medium,2,3.32
906,8.95,Kinesthetic,4,1,4,Medium,1,1.03
907,7.06,Auditory,7,1,4,Medium,3,2.97
908,7.43,Auditory,7,1,7,High,2,2.28
909,8.44,Auditory,4,1,5,Low,2,1.78
910,8.88,Kinesthetic,4,0,5,High,3,2.06
911,7.46,Kinesthetic,7,0,5,Low,1,1.77
912,8.18,Visual,4,1,5,Low,1,1.41
913,9.03,Auditory,4,1,4,Medium,0,0.49
914,7.63,Visual,4,0,6,High,0,1.18
915,8.82,Auditory,3,0,5,Medium,2,1.59
916,9.61,Visual,5,1,5,High,1,0.7
917,7.95,Kinesthetic,2,0,5,Medium,2,2.02
918,8.16,Kinesthetic,2,1,5,Low,0,0.92
919,5.43,Visual,5,1,6,Low,0,2.28
920,5.24,Visual,5,1,5,Medium,2,3.38
921,7.29,Kinesthetic,6,1,5,Low,0,1.36
922,6.02,Visual,5,1,4,Low,1,2.49
923,8.59,Visual,4,1,7,Low,3,2.2
924,5.06,Kinesthetic,4,1,6,Low,3,3.97
925,6.11,Kinesthetic,2,1,7,Medium,1,2.44
926,5.18,Auditory,4,1,5,Low,0,2.41
927,7.51,Visual,6,0,4,Low,2,2.24
928,6.09,Visual,6,1,5,Medium,3,3.46
929,7.2,Visual,6,1,5,High,1,1.9
930,7.3,Auditory,5,0,7,High,2,2.35
931,8.06,Visual,4,0,7,Medium,1,1.47
932,9.65,Auditory,7,0,6,Medium,3,1.67
933,7.85,Auditory,2,0,4,Medium,2,2.08
934,9.68,Kinesthetic,4,0,4,Low,2,1.16
935,7.82,Kinesthetic,4,0,5,Low,3,2.59
936,8.36,Kinesthetic,6,1,6,Low,3,2.32
937,5.92,Kinesthetic,4,0,4,Medium,0,2.04
938,8.1,Kinesthetic,5,1,6,High,1,1.45
939,6.97,Kinesthetic,3,1,7,High,2,2.52
940,8.51,Visual,5,0,4,High,0,0.75
941,6.23,Kinesthetic,7,0,6,High,0,1.88
942,5.61,Kinesthetic,6,0,5,Low,1,2.7
943,5.69,Visual,5,0,4,Medium,3,3.66
944,7.66,Visual,3,1,5,Low,0,1.17
945,7.42,Kinesthetic,4,1,5,Low,0,1.29
946,6.13,Auditory,7,1,5,High,3,3.44
947,5.53,Kinesthetic,3,1,5,Medium,3,3.74
948,7.19,Kinesthetic,2,1,7,High,0,1.4
949,6.97,Visual,7,1,4,Medium,0,1.52
950,9.67,Auditory,4,1,7,High,1,0.66
951,7.06,Auditory,5,0,6,Low,0,1.47
952,9.61,Visual,4,1,4,Low,2,1.2
953,9.24,Auditory,7,0,5,Medium,0,0.38
954,6.17,Kinesthetic,2,1,6,Low,2,2.92
955,8.6,Auditory,3,0,6,High,3,2.2
956,5.3,Auditory,7,1,7,Low,3,3.85
957,7.28,Auditory,2,1,7,Medium,0,1.36
958,6.6,Auditory,5,0,4,High,1,2.2
959,6.16,Kinesthetic,4,1,6,Low,3,3.42
960,5.64,Kinesthetic,4,1,7,High,3,3.68
961,7.46,Auditory,2,1,7,Medium,3,2.77
962,7.03,Visual,6,1,5,Low,2,2.48
963,6.01,Kinesthetic,3,1,6,Medium,2,3.0
964,9.07,Kinesthetic,7,1,4,High,3,1.96
965,7.4,Kinesthetic,2,1,6,Medium,2,2.3
966,6.6,Auditory,4,0,5,Medium,2,2.7
967,8.58,Auditory,2,0,6,Low,1,1.21
968,6.63,Visual,4,1,5,Medium,0,1.68
969,8.89,Visual,5,1,5,Medium,0,0.55
970,5.73,Auditory,4,1,5,Medium,2,3.14
971,5.65,Visual,2,1,7,High,2,3.18
972,7.06,Auditory,5,0,6,Medium,3,2.97
973,8.01,Visual,5,1,6,High,0,1.0
974,7.64,Kinesthetic,6,0,4,Low,2,2.18
975,7.36,Auditory,4,0,4,Low,1,1.82
976,7.34,Kinesthetic,4,0,4,High,0,1.33
977,7.09,Visual,7,1,7,High,1,1.96
978,6.3,Visual,3,1,4,Low,0,1.85
979,8.08,Visual,2,0,6,Medium,3,2.46
980,6.85,Auditory,3,0,4,Medium,1,2.08
981,5.38,Auditory,5,1,5,Medium,3,3.81
982,9.84,Auditory,3,1,4,High,3,1.58
983,8.13,Kinesthetic,4,0,5,Low,2,1.93
984,6.83,Visual,7,1,4,High,2,2.58
985,8.61,Visual,7,1,7,Low,3,2.2
986,9.62,Visual,2,1,6,High,0,0.19
987,7.76,Kinesthetic,5,1,4,Low,3,2.62
988,9.31,Auditory,6,0,4,Low,0,0.34
989,6.11,Visual,3,0,6,High,3,3.44
990,5.25,Kinesthetic,6,0,6,Low,1,2.88
991,6.86,Kinesthetic,3,1,4,Medium,2,2.57
992,6.5,Auditory,7,0,6,High,1,2.25
993,6.69,Kinesthetic,6,1,6,Low,0,1.65
994,6.91,Auditory,7,1,4,Low,1,2.04
995,9.57,Visual,3,1,5,Medium,3,1.72
996,9.54,Kinesthetic,5,0,4,Medium,0,0.23
997,7.59,Visual,7,1,4,Low,1,1.7
998,6.65,Kinesthetic,3,0,7,Medium,0,1.67
999,5.83,Auditory,3,1,6,Low,3,3.58
1000,6.6,Kinesthetic,7,0,5,Low,1,2.2
1001,5.97,Auditory,6,0,4,Medium,0,2.02
1002,5.05,Visual,2,1,6,Medium,2,3.48
1003,6.97,Auditory,5,0,5,High,1,2.02
1004,6.3,Visual,6,1,5,High,1,2.35
1005,5.53,Visual,7,1,5,Low,0,2.24
1006,8.98,Auditory,3,1,7,High,0,0.51
1007,9.75,Visual,4,0,6,High,3,1.62
1008,5.01,Auditory,4,0,5,High,1,3.0
1009,9.98,Auditory,7,1,6,High,2,1.01
1010,5.38,Kinesthetic,5,1,7,High,2,3.31
1011,7.81,Kinesthetic,2,0,5,Low,1,1.6
1012,8.8,Auditory,4,1,6,Low,0,0.6
1013,8.52,Auditory,4,0,6,Low,3,2.24
1014,8.96,Visual,5,1,4,Low,2,1.52
1015,5.05,Auditory,7,1,5,Medium,2,3.48
1016,6.43,Kinesthetic,6,0,4,High,3,3.28
1017,7.34,Visual,6,0,6,Low,2,2.33
1018,9.26,Kinesthetic,2,0,6,High,1,0.87
1019,8.34,Auditory,7,0,6,High,0,0.83
1020,5.02,Auditory,6,0,7,Low,0,2.49
1021,5.95,Kinesthetic,2,1,6,Low,1,2.52
1022,8.83,Auditory,2,1,6,Medium,2,1.58
1023,6.0,Kinesthetic,4,1,5,High,2,3.0
1024,9.48,Kinesthetic,3,0,5,Low,3,1.76
1025,9.29,Auditory,4,1,5,High,2,1.36
1026,6.48,Visual,3,1,6,Low,0,1.76
1027,7.33,Visual,7,1,4,High,2,2.34
1028,8.24,Auditory,6,1,6,Medium,1,1.38
1029,6.85,Visual,4,0,5,Low,0,1.58
1030,8.39,Auditory,3,0,6,Medium,2,1.8
1031,5.27,Kinesthetic,7,1,7,Medium,3,3.86
1032,6.49,Visual,3,1,4,Low,2,2.76
1033,7.23,Auditory,7,1,6,High,3,2.88
1034,8.46,Auditory,3,1,6,Low,3,2.27
1035,8.13,Visual,2,0,6,High,1,1.43
1036,9.75,Visual,3,1,5,High,0,0.12
1037,7.8,Kinesthetic,3,1,7,High,0,1.1
1038,5.07,Visual,3,0,6,High,2,3.46
1039,8.0,Kinesthetic,2,1,6,High,0,1.0
1040,8.35,Visual,6,1,5,Low,0,0.83
1041,9.41,Kinesthetic,3,1,5,Low,1,0.8
1042,9.68,Kinesthetic,6,0,7,Medium,2,1.16
1043,7.75,Visual,2,1,7,Low,2,2.12
1044,7.41,Auditory,7,0,4,High,0,1.3
1045,8.73,Auditory,4,1,7,High,1,1.13
1046,7.46,Kinesthetic,2,1,5,Medium,0,1.27
1047,6.45,Auditory,3,1,6,Low,1,2.28
1048,6.31,Visual,6,0,4,Medium,3,3.34
1049,6.39,Visual,2,0,5,Low,1,2.31
1050,7.79,Auditory,3,1,4,Low,0,1.1
1051,8.76,Visual,7,1,7,Medium,2,1.62
1052,9.84,Auditory,5,0,6,Low,0,0.08
1053,9.97,Kinesthetic,5,0,7,High,0,0.01
1054,6.59,Visual,4,1,7,Medium,0,1.7
1055,8.25,Auditory,7,1,6,Medium,0,0.88
1056,6.83,Auditory,2,1,5,Low,1,2.08
1057,6.71,Kinesthetic,5,0,4,Low,1,2.14
1058,6.13,Kinesthetic,5,0,7,High,3,3.44
1059,6.31,Kinesthetic,5,0,6,Medium,3,3.34
1060,9.42,Auditory,5,1,6,Low,1,0.79
1061,8.23,Kinesthetic,7,0,6,High,2,1.88
1062,5.72,Auditory,4,0,7,High,3,3.64
1063,9.24,Kinesthetic,4,0,6,Medium,3,1.88
1064,5.95,Auditory,5,1,4,High,0,2.02
1065,8.51,Visual,2,1,4,High,3,2.24
1066,6.33,Visual,7,0,7,Low,3,3.34
1067,9.7,Auditory,7,0,7,High,3,1.65
1068,5.61,Visual,5,1,5,High,1,2.7
1069,7.92,Kinesthetic,4,1,7,Low,2,2.04
1070,7.39,Kinesthetic,4,1,4,Medium,1,1.81
1071,7.74,Visual,7,1,5,Low,2,2.13
1072,8.39,Auditory,7,0,5,High,0,0.8
1073,5.0,Auditory,7,1,6,Medium,1,3.0
1074,5.51,Visual,7,0,7,Low,1,2.74
1075,7.45,Kinesthetic,4,0,5,High,3,2.78
1076,7.95,Auditory,3,0,4,High,3,2.52
1077,5.58,Auditory,6,0,6,Medium,3,3.71
1078,8.05,Visual,3,0,7,Low,0,0.97
1079,8.36,Visual,3,0,5,Low,2,1.82
1080,8.8,Kinesthetic,3,1,6,High,3,2.1
1081,8.75,Visual,5,0,4,High,3,2.12
1082,6.68,Kinesthetic,6,1,6,Low,0,1.66
1083,7.25,Visual,2,0,4,Medium,3,2.88
1084,8.14,Visual,7,0,6,Medium,2,1.93
1085,6.49,Kinesthetic,5,0,4,High,2,2.76
1086,5.22,Kinesthetic,6,1,6,Medium,0,2.39
1087,5.35,Kinesthetic,2,0,6,High,0,2.33
1088,9.82,Auditory,6,0,6,Medium,3,1.59
1089,5.51,Visual,3,0,4,High,2,3.24
1090,6.61,Visual,6,1,7,Low,2,2.7
1091,7.18,Kinesthetic,4,0,4,Low,1,1.91
1092,9.67,Visual,7,1,4,Low,3,1.66
1093,8.71,Auditory,6,1,7,Low,2,1.64
1094,5.09,Visual,6,1,5,Low,2,3.46
1095,7.68,Kinesthetic,3,1,4,High,3,2.66
1096,9.61,Kinesthetic,4,1,7,Medium,0,0.2
1097,8.22,Auditory,3,1,7,Low,2,1.89
1098,8.34,Auditory,4,0,6,Low,2,1.83
1099,8.84,Visual,3,0,7,Medium,3,2.08
1100,8.34,Visual,2,0,5,Medium,1,1.33
1101,7.78,Kinesthetic,2,1,6,Low,0,1.11
1102,8.13,Visual,6,1,7,High,1,1.43
1103,7.39,Kinesthetic,7,0,5,High,2,2.31
1104,8.34,Kinesthetic,3,1,5,Medium,2,1.83
1105,8.18,Visual,5,1,4,Low,1,1.41
1106,5.87,Kinesthetic,7,1,4,Low,1,2.56
1107,8.03,Auditory,5,1,6,High,1,1.49
1108,8.27,Auditory,5,1,7,High,1,1.37
1109,5.51,Kinesthetic,3,0,7,Low,0,2.24
1110,5.21,Kinesthetic,4,0,4,High,1,2.9
1111,8.25,Kinesthetic,7,0,7,Medium,3,2.38
1112,6.2,Visual,7,0,5,Low,1,2.4
1113,7.96,Auditory,7,1,6,High,0,1.02
1114,8.08,Kinesthetic,3,1,5,Medium,2,1.96
1115,5.51,Auditory,4,0,4,Low,2,3.24
1116,7.69,Kinesthetic,2,1,4,Low,2,2.15
1117,7.19,Kinesthetic,7,0,7,Medium,2,2.4
1118,8.64,Visual,5,0,7,Low,3,2.18
1119,7.48,Visual,6,1,6,High,3,2.76
1120,9.42,Kinesthetic,3,1,7,High,1,0.79
1121,8.71,Auditory,5,0,5,High,2,1.64
1122,6.83,Visual,3,1,4,High,3,3.08
1123,9.25,Visual,7,1,7,High,1,0.88
1124,9.5,Kinesthetic,5,1,5,High,1,0.75
1125,5.44,Visual,6,0,5,High,3,3.78
1126,5.67,Auditory,6,0,5,Medium,2,3.16
1127,5.36,Kinesthetic,6,0,4,Low,1,2.82
1128,8.19,Kinesthetic,2,1,7,Low,3,2.41
1129,8.89,Visual,4,0,7,High,3,2.05
1130,7.94,Auditory,7,0,7,High,0,1.03
1131,5.85,Visual,3,0,5,Low,0,2.08
1132,8.17,Visual,5,0,7,High,2,1.92
1133,9.02,Kinesthetic,5,0,4,High,3,1.99
1134,7.51,Kinesthetic,2,1,7,Low,1,1.74
1135,9.17,Auditory,4,0,7,Low,0,0.42
1136,5.62,Auditory,6,1,4,Medium,0,2.19
1137,5.09,Auditory,3,0,4,Medium,3,3.96
1138,7.07,Auditory,7,1,7,High,1,1.96
1139,5.81,Auditory,3,1,7,Medium,3,3.6
1140,5.83,Auditory,5,0,5,Low,0,2.08
1141,8.38,Kinesthetic,3,0,7,Low,3,2.31
1142,7.26,Kinesthetic,2,1,4,Medium,2,2.37
1143,7.04,Visual,2,1,4,Medium,1,1.98
1144,8.38,Visual,4,1,7,Medium,0,0.81
1145,9.13,Kinesthetic,3,0,5,High,1,0.93
1146,8.14,Kinesthetic,4,0,7,Low,3,2.43
1147,6.71,Visual,7,1,7,High,3,3.14
1148,9.16,Kinesthetic,5,0,7,High,1,0.92
1149,7.74,Visual,2,0,6,Medium,1,1.63
1150,5.49,Visual,5,0,5,Medium,3,3.76
1151,9.43,Auditory,6,1,6,High,1,0.79
1152,5.64,Visual,3,1,4,High,1,2.68
1153,5.96,Kinesthetic,6,1,5,Medium,1,2.52
1154,9.58,Kinesthetic,2,0,7,Low,2,1.21
1155,9.96,Auditory,5,0,6,Medium,0,0.02
1156,9.73,Visual,5,0,5,Low,3,1.63
1157,9.37,Visual,2,1,5,High,1,0.82
1158,5.59,Auditory,7,0,5,Medium,1,2.7
1159,7.31,Auditory,5,1,5,Low,3,2.84
1160,6.11,Kinesthetic,7,0,7,High,2,2.94
1161,8.04,Kinesthetic,2,0,5,High,2,1.98
1162,8.22,Visual,7,1,5,High,1,1.39
1163,5.12,Auditory,4,1,7,Low,3,3.94
1164,9.99,Kinesthetic,5,1,4,Low,1,0.5
1165,6.64,Visual,3,0,5,Medium,1,2.18
1166,6.23,Visual,6,0,4,Medium,3,3.38
1167,7.45,Auditory,5,0,4,High,3,2.78
1168,5.38,Auditory,2,0,5,High,1,2.81
1169,6.26,Visual,6,1,4,Medium,3,3.37
1170,8.67,Visual,6,0,4,Medium,1,1.16
1171,5.15,Visual,5,0,7,Medium,1,2.92
1172,8.48,Auditory,4,0,6,Medium,2,1.76
1173,5.13,Auditory,5,1,6,Low,2,3.44
1174,5.84,Visual,4,0,4,Low,0,2.08
1175,7.02,Auditory,7,0,4,Medium,0,1.49
1176,7.77,Visual,3,0,7,Low,0,1.12
1177,5.72,Visual,7,0,7,Low,2,3.14
1178,7.94,Auditory,2,0,7,Low,1,1.53
1179,5.85,Kinesthetic,4,1,5,Medium,3,3.58
1180,7.4,Kinesthetic,6,0,5,Low,1,1.8
1181,5.76,Visual,4,1,4,Medium,1,2.62
1182,9.97,Visual,7,0,6,High,3,1.51
1183,8.6,Kinesthetic,3,0,7,High,3,2.2
1184,5.37,Auditory,5,0,5,High,3,3.82
1185,6.67,Auditory,3,0,6,High,1,2.16
1186,9.53,Visual,4,0,5,Medium,0,0.24
1187,7.77,Kinesthetic,3,1,7,High,3,2.62
1188,9.66,Auditory,4,0,4,Medium,1,0.67
1189,9.27,Kinesthetic,4,1,4,Medium,3,1.87
1190,8.61,Visual,6,1,7,Medium,3,2.2
1191,8.69,Kinesthetic,4,0,6,Low,1,1.16
1192,6.77,Auditory,7,0,6,Low,1,2.12
1193,9.26,Visual,2,1,7,Medium,2,1.37
1194,6.77,Auditory,5,0,4,Medium,2,2.62
1195,5.37,Kinesthetic,2,1,5,Low,2,3.32
1196,8.55,Visual,7,0,7,High,3,2.22
1197,5.4,Kinesthetic,2,1,6,Medium,2,3.3
1198,6.76,Auditory,3,0,7,Medium,3,3.12
1199,7.46,Auditory,7,0,5,High,1,1.77
1200,7.21,Kinesthetic,5,1,5,High,1,1.9
1201,6.62,Auditory,2,0,5,Medium,3,3.19
1202,5.57,Kinesthetic,6,0,5,Low,3,3.72
1203,9.23,Visual,6,1,6,High,2,1.38
1204,9.03,Visual,7,1,7,High,0,0.49
1205,8.81,Visual,3,1,5,Low,2,1.59
1206,9.01,Visual,3,0,4,Low,0,0.5
1207,6.97,Visual,2,0,4,Medium,2,2.52
1208,9.86,Auditory,6,1,4,High,1,0.57
1209,6.52,Visual,3,0,7,Low,1,2.24
1210,9.08,Kinesthetic,7,0,7,Medium,0,0.46
1211,7.21,Kinesthetic,3,1,4,Low,0,1.4
1212,6.22,Kinesthetic,5,1,6,Low,0,1.89
1213,7.93,Kinesthetic,4,1,4,High,2,2.04
1214,9.75,Kinesthetic,6,0,4,Medium,1,0.62
1215,5.47,Auditory,4,1,7,Low,0,2.26
1216,7.57,Auditory,3,0,4,Medium,0,1.21
1217,7.35,Auditory,2,1,7,Medium,1,1.83
1218,9.38,Kinesthetic,7,0,5,High,2,1.31
1219,5.98,Auditory,7,0,5,Medium,0,2.01
1220,6.18,Visual,5,0,6,Medium,3,3.41
1221,7.85,Auditory,6,0,4,High,2,2.08
1222,8.61,Kinesthetic,3,1,4,Low,1,1.2
1223,6.79,Kinesthetic,5,1,5,High,3,3.1
1224,6.33,Auditory,2,0,6,Medium,2,2.84
1225,5.82,Auditory,4,0,7,Medium,3,3.59
1226,6.41,Auditory,6,1,5,Low,1,2.3
1227,6.41,Auditory,5,1,6,High,2,2.8
1228,6.88,Auditory,4,1,4,High,3,3.06
1229,9.26,Auditory,7,0,7,High,0,0.37
1230,6.53,Visual,6,0,6,Low,3,3.24
1231,7.59,Kinesthetic,5,0,4,High,2,2.2
1232,8.36,Kinesthetic,5,1,7,Low,1,1.32
1233,6.09,Kinesthetic,5,0,4,High,2,2.96
1234,8.97,Visual,5,1,6,Medium,2,1.51
1235,9.83,Visual,2,0,5,Medium,1,0.58
1236,8.95,Kinesthetic,3,0,7,High,1,1.03
1237,6.79,Kinesthetic,4,0,4,Low,1,2.1
1238,6.56,Auditory,3,1,5,High,2,2.72
1239,8.62,Visual,7,0,6,Low,1,1.19
1240,8.3,Kinesthetic,2,0,4,High,1,1.35
1241,5.32,Kinesthetic,5,0,4,High,2,3.34
1242,5.78,Auditory,5,1,4,Medium,2,3.11
1243,7.54,Visual,3,0,6,High,2,2.23
1244,6.48,Auditory,5,0,5,High,3,3.26
1245,6.09,Auditory,3,1,7,Medium,0,1.96
1246,9.41,Visual,6,1,5,High,0,0.29
1247,5.82,Auditory,2,0,7,Low,0,2.09
1248,6.18,Auditory,4,0,7,Low,2,2.91
1249,5.73,Kinesthetic,5,1,7,Medium,3,3.64
1250,5.95,Kinesthetic,6,1,7,Low,2,3.02
1251,7.08,Visual,7,0,7,Low,2,2.46
1252,5.17,Auditory,3,0,5,Low,1,2.92
1253,8.01,Auditory,6,1,6,Medium,0,1.0
1254,9.85,Visual,7,0,6,High,3,1.58
1255,5.55,Auditory,4,0,4,High,1,2.72
1256,5.94,Kinesthetic,4,0,6,Low,0,2.03
1257,5.43,Visual,2,1,7,High,0,2.28
1258,5.45,Visual,6,1,4,Low,1,2.78
1259,5.43,Visual,5,1,5,Low,1,2.78
1260,7.12,Kinesthetic,6,1,6,Medium,2,2.44
1261,9.15,Kinesthetic,7,1,6,Low,1,0.92
1262,5.73,Visual,3,0,4,Low,0,2.13
1263,5.19,Kinesthetic,7,1,4,Medium,3,3.9
1264,6.05,Kinesthetic,4,1,5,Medium,2,2.98
1265,9.51,Auditory,7,1,6,High,3,1.74
1266,6.45,Kinesthetic,6,1,4,Low,0,1.78
1267,9.36,Visual,5,1,7,Medium,3,1.82
1268,9.0,Kinesthetic,7,1,5,High,2,1.5
1269,7.9,Visual,2,1,7,Medium,0,1.05
1270,9.64,Kinesthetic,7,0,7,Low,0,0.18
1271,7.15,Kinesthetic,4,0,4,Medium,0,1.42
1272,7.17,Visual,4,0,4,High,2,2.42
1273,8.97,Visual,6,1,6,Medium,2,1.51
1274,5.72,Kinesthetic,7,1,4,High,0,2.14
1275,6.37,Auditory,2,1,5,Low,2,2.82
1276,8.28,Visual,7,0,6,Medium,3,2.36
1277,9.26,Auditory,4,0,4,High,3,1.87
1278,9.03,Auditory,6,1,5,Low,2,1.49
1279,9.86,Visual,3,0,4,Medium,2,1.07
1280,5.3,Visual,6,0,4,High,2,3.35
1281,9.64,Auditory,7,0,6,Medium,2,1.18
1282,8.54,Auditory,6,1,4,Medium,3,2.23
1283,9.12,Auditory,6,1,7,Medium,1,0.94
1284,5.4,Kinesthetic,2,1,4,High,0,2.3
1285,6.96,Auditory,5,1,4,Medium,3,3.02
1286,6.25,Auditory,6,1,7,High,1,2.38
1287,9.06,Kinesthetic,3,1,6,High,1,0.97
1288,9.05,Auditory,7,1,4,Medium,3,1.97
1289,8.02,Visual,7,0,5,Low,2,1.99
1290,7.2,Visual,7,1,7,Medium,3,2.9
1291,6.72,Visual,7,1,5,Low,2,2.64
1292,5.3,Auditory,6,1,4,High,0,2.35
1293,5.28,Auditory,7,0,5,High,3,3.86
1294,7.01,Kinesthetic,2,1,6,Low,3,3.0
1295,6.14,Visual,3,0,7,High,3,3.43
1296,9.93,Kinesthetic,4,0,7,Low,3,1.54
1297,5.37,Kinesthetic,6,1,4,High,0,2.32
1298,9.66,Visual,3,0,7,High,3,1.67
1299,5.19,Visual,7,0,6,High,3,3.9
1300,5.99,Auditory,3,1,6,High,3,3.5
1301,6.87,Kinesthetic,6,1,6,Medium,2,2.56
1302,5.67,Visual,4,0,6,Low,2,3.16
1303,6.78,Kinesthetic,6,1,7,Medium,3,3.11
1304,8.81,Auditory,5,0,7,Medium,1,1.09
1305,8.32,Kinesthetic,7,1,5,High,3,2.34
1306,5.5,Kinesthetic,3,1,4,Medium,0,2.25
1307,9.35,Visual,3,1,6,High,0,0.33
1308,5.42,Auditory,4,0,6,High,1,2.79
1309,6.03,Kinesthetic,5,1,5,Low,1,2.48
1310,6.8,Kinesthetic,6,0,4,Low,3,3.1
1311,5.23,Visual,5,0,6,High,3,3.88
1312,5.84,Auditory,3,1,7,High,3,3.58
1313,8.46,Auditory,7,0,4,Medium,2,1.77
1314,9.3,Auditory,6,1,5,High,1,0.85
1315,9.38,Auditory,3,1,4,Low,2,1.31
1316,5.69,Visual,6,0,6,High,2,3.16
1317,6.07,Kinesthetic,7,0,4,Low,3,3.46
1318,8.17,Kinesthetic,3,1,5,Low,2,1.92
1319,5.51,Kinesthetic,5,1,4,Medium,2,3.24
1320,9.03,Auditory,2,0,7,High,1,0.99
1321,8.69,Auditory,2,0,6,Medium,1,1.16
1322,6.73,Auditory,2,1,5,Medium,1,2.13
1323,9.77,Visual,5,1,4,Medium,0,0.12
1324,7.56,Auditory,3,0,5,Low,2,2.22
1325,5.85,Kinesthetic,6,1,4,Medium,3,3.58
1326,8.53,Kinesthetic,6,1,7,High,0,0.74
1327,6.4,Auditory,6,0,5,High,1,2.3
1328,9.24,Visual,4,0,6,Low,3,1.88
1329,5.73,Auditory,7,1,6,Medium,0,2.13
1330,6.64,Kinesthetic,5,0,4,Medium,3,3.18
1331,8.14,Kinesthetic,2,0,6,High,1,1.43
1332,7.49,Auditory,2,0,6,Medium,3,2.76
1333,7.08,Kinesthetic,3,0,7,High,3,2.96
1334,6.48,Visual,6,1,5,Medium,0,1.76
1335,7.06,Visual,7,1,7,High,2,2.47
1336,7.97,Kinesthetic,6,1,5,Medium,1,1.52
1337,7.32,Visual,2,0,6,High,1,1.84
1338,9.63,Auditory,2,1,7,High,3,1.68
1339,8.48,Kinesthetic,3,1,4,Medium,3,2.26
1340,9.02,Auditory,4,0,4,Low,0,0.49
1341,8.49,Visual,7,1,5,High,0,0.75
1342,5.35,Visual,5,0,7,High,0,2.33
1343,5.89,Auditory,5,1,5,Medium,0,2.06
1344,6.83,Visual,5,0,7,High,2,2.58
1345,5.34,Auditory,6,1,7,High,1,2.83
1346,8.51,Visual,5,0,6,Low,3,2.24
1347,7.26,Kinesthetic,2,1,7,Medium,1,1.87
1348,7.76,Visual,6,1,7,Low,2,2.12
1349,9.79,Kinesthetic,4,0,7,Medium,3,1.61
1350,7.23,Kinesthetic,4,1,7,Low,3,2.88
1351,5.91,Kinesthetic,2,1,6,Medium,2,3.04
1352,9.57,Kinesthetic,2,1,7,High,0,0.21
1353,7.72,Kinesthetic,3,0,5,Low,2,2.14
1354,5.01,Auditory,2,1,5,Low,1,3.0
1355,6.0,Kinesthetic,7,1,6,Low,2,3.0
1356,8.58,Visual,6,1,4,High,1,1.21
1357,5.43,Auditory,3,0,5,High,1,2.78
1358,7.56,Visual,2,1,6,Low,2,2.22
1359,9.65,Kinesthetic,6,1,6,Low,2,1.17
1360,9.85,Auditory,3,1,7,Medium,0,0.08
1361,6.0,Visual,2,1,4,Medium,3,3.5
1362,5.22,Auditory,2,1,6,Low,3,3.89
1363,9.59,Auditory,3,0,4,Medium,3,1.7
1364,5.78,Visual,3,1,5,Low,1,2.61
1365,6.37,Auditory,2,0,5,Medium,1,2.32
1366,9.66,Visual,4,0,4,Medium,1,0.67
1367,8.92,Kinesthetic,2,0,6,High,3,2.04
1368,5.46,Visual,3,1,6,Low,0,2.27
1369,5.44,Visual,6,0,6,Medium,0,2.28
1370,5.12,Kinesthetic,4,1,7,Low,2,3.44
1371,5.73,Auditory,6,1,6,High,1,2.64
1372,9.91,Kinesthetic,7,0,6,Low,2,1.04
1373,7.15,Auditory,7,1,7,High,1,1.92
1374,6.8,Auditory,4,1,5,Medium,0,1.6
1375,6.56,Visual,4,1,4,Medium,3,3.22
1376,8.75,Auditory,4,1,4,Medium,1,1.12
1377,8.37,Visual,2,0,4,Low,1,1.32
1378,5.72,Visual,3,1,7,Medium,2,3.14
1379,9.85,Kinesthetic,6,1,7,High,0,0.08
1380,9.61,Visual,4,1,4,High,3,1.7
1381,6.2,Kinesthetic,5,0,4,High,3,3.4
1382,6.08,Visual,4,1,6,High,0,1.96
1383,6.24,Auditory,5,1,7,Medium,0,1.88
1384,5.97,Kinesthetic,5,0,5,Low,3,3.52
1385,5.38,Visual,6,1,6,High,3,3.81
1386,8.46,Visual,7,1,4,High,1,1.27
1387,6.17,Visual,4,1,5,High,2,2.92
1388,6.29,Visual,6,1,6,Low,2,2.86
1389,6.44,Kinesthetic,5,0,7,Medium,0,1.78
1390,5.83,Auditory,6,0,5,Low,1,2.58
1391,6.72,Visual,2,0,7,Low,1,2.14
1392,8.47,Auditory,3,0,4,Medium,3,2.26
1393,8.73,Auditory,2,1,7,High,0,0.63
1394,8.15,Auditory,2,1,5,High,3,2.42
1395,8.83,Visual,7,0,5,Medium,3,2.08
1396,8.64,Auditory,7,1,4,High,3,2.18
1397,8.82,Visual,6,0,6,Low,0,0.59
1398,8.22,Auditory,2,0,4,Low,0,0.89
1399,7.56,Auditory,5,1,7,Medium,1,1.72
1400,8.85,Visual,7,0,7,Medium,1,1.08
1401,9.62,Auditory,2,0,4,Low,2,1.19
1402,7.36,Kinesthetic,6,1,4,Low,2,2.32
1403,8.68,Visual,2,0,4,High,3,2.16
1404,8.47,Kinesthetic,3,0,6,Medium,1,1.26
1405,8.48,Auditory,5,0,7,Medium,1,1.26
1406,8.23,Kinesthetic,3,0,7,High,3,2.38
1407,9.69,Visual,2,0,6,Medium,2,1.16
1408,8.14,Auditory,7,0,6,High,0,0.93
1409,8.04,Kinesthetic,6,1,7,High,1,1.48
1410,5.7,Kinesthetic,6,0,6,Low,2,3.15
1411,6.99,Visual,3,1,7,High,0,1.5
1412,5.76,Auditory,7,1,7,Medium,0,2.12
1413,5.08,Visual,5,0,4,Low,0,2.46
1414,9.12,Kinesthetic,2,0,4,Low,0,0.44
1415,7.03,Auditory,7,0,6,Low,2,2.48
1416,8.01,Kinesthetic,5,1,5,Medium,1,1.5
1417,9.07,Auditory,3,0,5,Low,2,1.46
1418,8.22,Kinesthetic,4,0,7,Medium,2,1.89
1419,9.89,Auditory,2,1,6,High,3,1.55
1420,6.11,Visual,5,0,6,Low,3,3.44
1421,6.44,Auditory,4,0,4,Low,3,3.28
1422,7.8,Visual,3,0,6,Low,0,1.1
1423,8.16,Kinesthetic,4,1,5,High,1,1.42
1424,9.66,Visual,4,1,5,Medium,0,0.17
1425,5.24,Kinesthetic,5,1,6,Medium,1,2.88
1426,9.3,Auditory,3,1,5,Medium,0,0.35
1427,8.22,Auditory,6,0,6,Medium,0,0.89
1428,8.76,Kinesthetic,3,1,5,High,0,0.62
1429,5.18,Kinesthetic,5,1,7,High,3,3.91
1430,9.43,Kinesthetic,6,1,5,High,0,0.29
1431,9.63,Kinesthetic,3,0,7,High,1,0.68
1432,5.77,Auditory,5,1,6,Low,1,2.62
1433,8.33,Visual,4,1,5,High,0,0.84
1434,7.95,Auditory,5,1,5,Low,2,2.02
1435,9.15,Auditory,2,1,5,High,3,1.92
1436,9.43,Kinesthetic,2,1,7,Medium,1,0.79
1437,8.4,Visual,4,0,6,Low,2,1.8
1438,8.37,Visual,6,0,4,Low,0,0.82
1439,5.62,Auditory,3,0,5,High,2,3.19
1440,6.66,Auditory,3,1,6,High,1,2.17
1441,7.22,Auditory,5,1,7,Low,0,1.39
1442,6.83,Visual,3,1,6,Low,2,2.58
1443,7.39,Visual,4,1,7,Low,1,1.81
1444,6.81,Auditory,6,1,5,Medium,1,2.1
1445,6.72,Visual,4,0,6,Medium,2,2.64
1446,6.57,Kinesthetic,5,1,5,High,1,2.22
1447,6.82,Kinesthetic,3,0,5,Medium,3,3.09
1448,5.23,Kinesthetic,6,1,5,Low,0,2.38
1449,6.64,Visual,6,0,4,Medium,2,2.68
1450,6.89,Kinesthetic,4,1,6,Low,2,2.56
1451,5.47,Kinesthetic,3,0,7,High,3,3.76
1452,6.82,Visual,7,0,7,High,2,2.59
1453,8.73,Auditory,4,1,7,Medium,0,0.63
1454,9.61,Auditory,6,1,7,High,1,0.7
1455,5.48,Auditory,4,1,4,Low,0,2.26
1456,7.25,Kinesthetic,2,0,4,Low,0,1.38
1457,8.35,Auditory,3,0,5,Low,0,0.83
1458,5.15,Auditory,3,0,6,Medium,0,2.42
1459,9.06,Auditory,7,0,4,High,3,1.97
1460,9.03,Auditory,2,0,7,High,0,0.49
1461,9.82,Kinesthetic,7,0,5,Low,2,1.09
1462,6.28,Kinesthetic,6,1,6,Medium,3,3.36
1463,6.55,Kinesthetic,3,0,6,High,0,1.72
1464,7.79,Kinesthetic,4,1,6,Medium,2,2.1
1465,9.63,Kinesthetic,7,1,6,High,1,0.68
1466,8.15,Auditory,3,1,5,High,0,0.92
1467,6.8,Kinesthetic,6,0,7,Medium,0,1.6
1468,6.73,Visual,6,0,6,Medium,3,3.14
1469,8.22,Auditory,7,0,6,Low,0,0.89
1470,5.42,Auditory,3,0,6,High,2,3.29
1471,7.73,Visual,7,1,5,Low,3,2.64
1472,5.12,Visual,7,1,7,Medium,0,2.44
1473,8.55,Kinesthetic,3,1,4,Medium,0,0.72
1474,8.25,Auditory,2,0,6,Low,2,1.88
1475,9.44,Visual,2,0,5,Medium,2,1.28
1476,9.73,Auditory,6,0,4,High,3,1.63
1477,9.71,Visual,3,0,6,High,1,0.64
1478,9.62,Auditory,6,0,6,High,2,1.19
1479,7.67,Kinesthetic,6,0,7,Medium,1,1.66
1480,8.86,Visual,5,1,4,Low,2,1.57
1481,7.06,Auditory,5,0,6,Low,1,1.97
1482,7.2,Visual,2,1,5,High,1,1.9
1483,5.4,Visual,3,0,4,High,2,3.3
1484,8.43,Auditory,2,1,6,High,3,2.28
1485,7.0,Auditory,5,1,5,Medium,1,2.0
1486,7.87,Visual,7,1,5,High,2,2.06
1487,9.16,Kinesthetic,5,0,7,High,1,0.92
1488,7.87,Visual,5,1,7,Medium,3,2.56
1489,7.07,Auditory,6,0,4,Medium,0,1.46
1490,9.02,Visual,4,1,7,Low,1,0.99
1491,9.05,Visual,4,1,4,High,3,1.97
1492,8.3,Kinesthetic,4,1,7,High,2,1.85
1493,7.45,Auditory,7,0,4,Low,0,1.27
1494,7.31,Visual,6,0,4,Low,2,2.35
1495,5.29,Auditory,2,0,4,High,3,3.86
1496,5.67,Auditory,7,0,6,Medium,3,3.66
1497,7.66,Visual,6,0,4,Low,3,2.67
1498,9.62,Kinesthetic,2,1,6,Low,1,0.69
1499,9.55,Visual,7,0,7,Medium,0,0.22
1500,8.02,Visual,7,1,7,Medium,1,1.49
1501,9.74,Auditory,4,1,5,High,2,1.13
1502,9.62,Kinesthetic,7,0,6,Medium,3,1.69
1503,6.2,Kinesthetic,5,1,7,High,0,1.9
1504,5.7,Visual,2,1,7,Medium,0,2.15
1505,5.75,Kinesthetic,6,0,6,High,0,2.12
1506,6.02,Auditory,5,0,7,High,1,2.49
1507,8.35,Visual,2,0,4,High,0,0.83
1508,5.59,Visual,4,1,7,High,3,3.7
1509,9.19,Auditory,7,1,4,Low,2,1.41
1510,9.96,Kinesthetic,7,0,7,High,0,0.02
1511,5.28,Kinesthetic,6,1,7,Medium,3,3.86
1512,6.92,Kinesthetic,7,0,4,Medium,3,3.04
1513,7.31,Auditory,2,1,5,High,0,1.35
1514,5.68,Visual,2,0,6,Medium,2,3.16
1515,8.09,Auditory,6,0,7,High,2,1.96
1516,7.15,Auditory,7,0,5,High,0,1.42
1517,6.22,Kinesthetic,6,1,7,High,0,1.89
1518,7.31,Visual,3,0,5,High,2,2.35
1519,6.75,Auditory,7,0,4,High,2,2.62
1520,10.0,Auditory,3,1,4,High,0,0.0
1521,5.8,Visual,5,1,4,Low,0,2.1
1522,5.81,Visual,7,1,4,Low,3,3.6
1523,7.43,Auditory,6,0,5,High,3,2.78
1524,7.8,Auditory,7,1,5,Medium,1,1.6
1525,8.69,Auditory,4,1,5,Medium,0,0.66
1526,9.56,Kinesthetic,4,0,7,Low,1,0.72
1527,6.87,Auditory,6,1,4,High,1,2.06
1528,9.72,Auditory,2,0,6,Medium,3,1.64
1529,7.76,Visual,2,0,7,High,2,2.12
1530,5.54,Visual,4,1,7,Low,3,3.73
1531,8.09,Visual,2,1,5,Low,3,2.46
1532,7.45,Auditory,6,0,4,Low,2,2.28
1533,9.92,Visual,2,1,7,Medium,0,0.04
1534,7.44,Auditory,6,1,5,Low,1,1.78
1535,5.42,Auditory,2,0,6,Low,2,3.29
1536,7.01,Auditory,4,1,7,Low,0,1.5
1537,5.73,Visual,3,0,4,High,3,3.64
1538,6.5,Kinesthetic,5,1,7,Medium,0,1.75
1539,6.72,Auditory,6,1,5,Low,0,1.64
1540,8.04,Kinesthetic,3,1,5,Low,0,0.98
1541,5.16,Visual,6,1,7,Medium,1,2.92
1542,8.68,Auditory,3,0,5,Low,1,1.16
1543,6.2,Kinesthetic,5,0,6,Low,0,1.9
1544,5.87,Kinesthetic,4,0,5,High,2,3.06
1545,7.43,Auditory,6,0,6,Medium,3,2.78
1546,9.01,Auditory,2,0,6,High,1,1.0
1547,9.48,Auditory,2,0,5,High,1,0.76
1548,7.98,Visual,4,0,7,Medium,2,2.01
1549,6.63,Kinesthetic,2,0,5,Medium,3,3.18
1550,8.07,Auditory,3,0,5,High,0,0.96
1551,5.26,Visual,5,1,6,High,0,2.37
1552,5.35,Auditory,2,1,6,High,0,2.33
1553,8.96,Visual,7,0,6,Medium,1,1.02
1554,9.59,Kinesthetic,7,0,5,High,3,1.7
1555,5.05,Kinesthetic,3,1,6,Low,3,3.98
1556,5.43,Kinesthetic,4,1,6,Low,2,3.28
1557,6.32,Auditory,4,0,6,High,1,2.34
1558,8.23,Auditory,7,0,4,Low,3,2.38
1559,6.98,Auditory,6,0,4,Low,1,2.01
1560,6.25,Visual,2,1,5,High,0,1.88
1561,5.34,Auditory,5,1,6,Low,1,2.83
1562,5.83,Visual,5,1,6,Low,1,2.58
1563,8.04,Kinesthetic,2,0,7,Low,1,1.48
1564,9.69,Auditory,3,1,5,High,0,0.16
1565,7.37,Kinesthetic,6,1,6,Medium,1,1.82
1566,6.76,Visual,2,1,6,Low,2,2.62
1567,9.23,Auditory,6,1,6,Medium,3,1.88
1568,7.99,Auditory,2,0,5,Medium,3,2.5
1569,5.71,Visual,2,0,7,High,2,3.14
1570,9.91,Visual,3,0,7,Medium,3,1.54
1571,9.8,Kinesthetic,4,0,6,High,2,1.1
1572,7.77,Visual,3,0,4,Medium,2,2.12
1573,8.44,Visual,5,0,4,Low,2,1.78
1574,6.37,Visual,5,1,6,High,0,1.82
1575,7.6,Kinesthetic,6,0,6,Low,3,2.7
1576,9.37,Kinesthetic,4,1,5,High,0,0.32
1577,7.36,Auditory,2,1,6,Low,1,1.82
1578,8.52,Kinesthetic,6,1,5,Low,2,1.74
1579,7.91,Kinesthetic,6,0,7,Medium,3,2.54
1580,6.3,Visual,4,0,6,Medium,0,1.85
1581,7.9,Auditory,3,1,6,Medium,3,2.55
1582,8.68,Visual,3,1,7,Medium,3,2.16
1583,8.65,Visual,5,1,7,High,3,2.17
1584,9.84,Auditory,2,1,7,High,0,0.08
1585,9.1,Auditory,4,0,4,Medium,0,0.45
1586,8.79,Auditory,6,1,7,Low,1,1.11
1587,8.05,Visual,5,0,5,Medium,3,2.47
1588,6.07,Auditory,3,1,4,Low,2,2.96
1589,9.49,Auditory,4,1,4,Low,1,0.75
1590,8.52,Auditory,3,0,4,Medium,2,1.74
1591,6.38,Auditory,4,0,5,High,0,1.81
1592,6.01,Kinesthetic,5,0,4,Medium,3,3.5
1593,5.15,Auditory,2,1,4,High,2,3.42
1594,7.74,Auditory,7,0,6,Medium,1,1.63
1595,8.5,Visual,7,1,7,High,0,0.75
1596,9.89,Visual,2,1,5,Low,0,0.05
1597,9.09,Auditory,4,0,5,Medium,3,1.96
1598,6.48,Visual,6,0,4,Medium,3,3.26
1599,5.98,Visual,3,1,6,Low,0,2.01
1600,5.93,Visual,6,1,6,High,0,2.04
1601,8.93,Auditory,5,0,7,Low,2,1.54
1602,5.37,Auditory,3,0,6,Medium,3,3.82
1603,6.75,Kinesthetic,4,1,7,Medium,3,3.12
1604,6.64,Auditory,2,0,5,Medium,3,3.18
1605,8.57,Visual,7,1,4,High,0,0.71
1606,6.83,Auditory,6,0,7,High,0,1.58
1607,8.22,Auditory,3,1,4,Medium,2,1.89
1608,6.33,Visual,3,0,4,High,1,2.34
1609,6.6,Auditory,2,1,7,High,1,2.2
1610,8.49,Visual,6,0,7,High,0,0.75
1611,9.14,Visual,6,0,4,Medium,1,0.93
1612,6.86,Visual,2,1,7,Low,1,2.07
1613,8.94,Kinesthetic,3,1,7,Medium,3,2.03
1614,7.09,Auditory,2,1,6,High,0,1.46
1615,8.59,Auditory,2,1,5,Low,1,1.2
1616,7.44,Kinesthetic,7,1,5,High,2,2.28
1617,9.75,Kinesthetic,7,1,6,Low,0,0.12
1618,6.86,Kinesthetic,2,1,7,High,3,3.07
1619,5.57,Auditory,3,0,4,Medium,3,3.72
1620,9.35,Visual,5,0,7,High,1,0.83
1621,5.64,Auditory,7,1,7,Medium,1,2.68
1622,6.19,Visual,7,1,4,Medium,0,1.9
1623,7.9,Visual,3,1,7,Medium,1,1.55
1624,9.73,Auditory,5,1,7,High,0,0.13
1625,8.04,Kinesthetic,6,0,5,Medium,1,1.48
1626,9.1,Visual,2,0,7,High,2,1.45
1627,8.59,Visual,2,1,5,Low,3,2.2
1628,6.69,Auditory,3,1,7,High,2,2.66
1629,9.47,Kinesthetic,2,0,7,Low,2,1.26
1630,7.61,Visual,2,0,5,Medium,3,2.7
1631,9.07,Kinesthetic,7,0,7,High,1,0.96
1632,6.73,Kinesthetic,4,1,7,Medium,3,3.14
1633,8.06,Auditory,3,0,7,Medium,0,0.97
1634,9.48,Auditory,4,1,6,Low,1,0.76
1635,7.88,Kinesthetic,7,1,4,Low,2,2.06
1636,7.44,Visual,4,1,6,Low,3,2.78
1637,9.85,Kinesthetic,6,0,4,Medium,1,0.58
1638,7.32,Auditory,7,1,4,Low,3,2.84
1639,9.52,Visual,5,1,5,Low,1,0.74
1640,5.53,Kinesthetic,7,0,4,Medium,3,3.74
1641,5.05,Auditory,4,0,5,Low,0,2.48
1642,7.78,Auditory,7,0,5,High,2,2.11
1643,9.0,Auditory,5,0,7,High,1,1.0
1644,9.56,Auditory,6,1,4,Medium,3,1.72
1645,9.02,Auditory,4,1,7,Medium,2,1.49
1646,6.87,Kinesthetic,3,0,5,High,1,2.06
1647,9.9,Auditory,3,0,5,Low,1,0.55
1648,6.49,Kinesthetic,4,0,6,High,0,1.76
1649,9.53,Kinesthetic,5,0,4,High,0,0.24
1650,7.78,Auditory,6,0,5,Medium,0,1.11
1651,7.37,Auditory,7,0,5,High,1,1.82
1652,6.07,Kinesthetic,3,1,7,High,1,2.46
1653,8.71,Visual,6,0,7,High,1,1.14
1654,5.06,Auditory,6,1,6,Medium,2,3.47
1655,7.47,Kinesthetic,5,0,6,Medium,0,1.27
1656,8.09,Auditory,4,0,5,High,1,1.46
1657,8.88,Kinesthetic,6,0,7,High,1,1.06
1658,8.7,Auditory,4,0,4,High,3,2.15
1659,5.63,Auditory,5,1,7,Low,3,3.68
1660,6.8,Visual,3,1,6,Medium,0,1.6
1661,5.89,Auditory,3,1,7,Medium,0,2.06
1662,7.13,Visual,6,0,7,Low,2,2.44
1663,8.26,Auditory,5,0,5,Low,0,0.87
1664,5.63,Visual,4,1,4,High,0,2.18
1665,5.23,Visual,6,1,6,High,1,2.88
1666,5.96,Visual,3,1,5,Low,0,2.02
1667,5.02,Auditory,6,1,4,Medium,1,2.99
1668,6.38,Kinesthetic,3,1,4,High,1,2.31
1669,6.08,Kinesthetic,5,0,4,Low,1,2.46
1670,9.25,Kinesthetic,5,1,7,Medium,3,1.88
1671,5.03,Kinesthetic,5,1,4,Medium,0,2.48
1672,8.11,Kinesthetic,3,0,4,Low,2,1.95
1673,5.64,Kinesthetic,5,0,6,High,1,2.68
1674,9.98,Visual,7,1,4,High,0,0.01
1675,6.76,Auditory,6,1,7,Medium,1,2.12
1676,5.96,Visual,6,0,5,Low,0,2.02
1677,6.49,Visual,5,0,7,High,3,3.26
1678,6.94,Visual,3,0,4,Low,1,2.03
1679,6.51,Auditory,6,1,4,High,2,2.74
1680,5.81,Visual,6,0,4,High,0,2.1
1681,9.82,Visual,2,1,4,High,3,1.59
1682,5.55,Kinesthetic,7,0,5,High,2,3.22
1683,8.8,Visual,5,0,7,Medium,2,1.6
1684,8.32,Visual,7,1,7,Medium,0,0.84
1685,5.53,Auditory,2,0,5,Low,1,2.74
1686,8.16,Visual,4,0,5,High,3,2.42
1687,9.5,Kinesthetic,2,1,6,Low,0,0.25
1688,8.26,Visual,3,1,5,Low,1,1.37
1689,9.57,Visual,6,1,4,Low,1,0.71
1690,9.54,Kinesthetic,7,1,7,Low,2,1.23
1691,9.59,Kinesthetic,4,0,4,Medium,0,0.21
1692,6.09,Visual,3,0,4,Medium,3,3.46
1693,8.83,Kinesthetic,2,0,5,Low,1,1.08
1694,7.79,Kinesthetic,7,0,6,Medium,0,1.1
1695,5.95,Kinesthetic,2,1,7,High,2,3.02
1696,8.45,Visual,4,1,5,Medium,3,2.28
1697,6.42,Kinesthetic,2,0,7,Medium,3,3.29
1698,6.67,Kinesthetic,6,1,4,Medium,1,2.16
1699,5.45,Auditory,5,0,7,Low,0,2.28
1700,9.91,Auditory,3,0,6,High,2,1.04
1701,6.62,Auditory,2,0,7,Low,2,2.69
1702,5.94,Kinesthetic,6,1,7,High,0,2.03
1703,5.69,Visual,2,0,6,Low,1,2.66
1704,6.73,Visual,6,0,4,High,0,1.63
1705,8.89,Visual,2,1,5,Medium,1,1.05
1706,6.06,Auditory,4,1,4,Medium,3,3.47
1707,6.31,Auditory,7,1,5,High,1,2.35
1708,8.34,Auditory,6,1,7,High,3,2.33
1709,8.4,Visual,3,0,5,Medium,0,0.8
1710,6.68,Visual,3,0,6,Medium,3,3.16
1711,7.05,Visual,5,1,5,Medium,3,2.98
1712,5.62,Visual,5,0,6,High,3,3.69
1713,8.43,Auditory,2,1,5,Low,1,1.28
1714,7.12,Visual,5,1,6,Medium,2,2.44
1715,6.25,Auditory,3,0,4,Low,0,1.88
1716,6.02,Visual,7,1,4,High,1,2.49
1717,8.08,Kinesthetic,6,1,5,High,0,0.96
1718,6.87,Kinesthetic,5,0,7,High,2,2.56
1719,5.55,Auditory,5,1,6,Low,0,2.22
1720,8.34,Visual,3,1,6,High,0,0.83
1721,9.44,Visual,2,0,6,Low,2,1.28
1722,8.4,Kinesthetic,4,1,5,Medium,3,2.3
1723,8.21,Visual,3,1,5,Medium,2,1.89
1724,8.54,Auditory,6,0,4,High,2,1.73
1725,7.89,Auditory,5,1,5,Low,0,1.06
1726,6.03,Kinesthetic,7,0,4,Medium,2,2.98
1727,7.49,Visual,6,0,7,Low,1,1.76
1728,6.79,Auditory,7,0,6,Low,2,2.6
1729,8.46,Auditory,5,1,5,High,2,1.77
1730,7.21,Auditory,7,1,7,High,3,2.9
1731,7.57,Auditory,7,1,7,Medium,1,1.72
1732,5.08,Visual,6,1,6,Low,1,2.96
1733,9.87,Visual,5,0,5,Low,2,1.07
1734,8.45,Kinesthetic,7,1,7,Low,2,1.78
1735,5.05,Visual,2,1,6,Medium,2,3.48
1736,9.11,Auditory,6,1,5,High,0,0.45
1737,5.71,Visual,6,1,4,Low,3,3.64
1738,8.95,Visual,6,0,4,Low,1,1.03
1739,9.85,Auditory,6,1,4,High,1,0.58
1740,5.1,Auditory,6,1,4,Medium,1,2.95
1741,9.05,Auditory,3,1,7,Medium,0,0.47
1742,6.55,Kinesthetic,5,1,5,High,3,3.22
1743,7.27,Kinesthetic,4,0,7,High,2,2.37
1744,7.96,Kinesthetic,2,0,5,High,0,1.02
1745,7.77,Auditory,6,1,4,High,0,1.12
1746,8.84,Visual,6,0,7,Medium,1,1.08
1747,7.25,Auditory,4,0,7,Medium,1,1.88
1748,6.01,Auditory,5,1,6,Medium,0,2.0
1749,8.21,Auditory,7,1,6,Low,3,2.39
1750,9.48,Auditory,3,1,6,Low,3,1.76
1751,7.89,Auditory,2,0,5,Low,1,1.56
1752,8.26,Kinesthetic,5,0,5,High,1,1.37
1753,6.16,Auditory,7,0,6,Medium,1,2.42
1754,6.0,Kinesthetic,3,1,6,High,1,2.5
1755,8.17,Auditory,3,1,6,Low,2,1.92
1756,6.06,Kinesthetic,5,0,4,Low,2,2.97
1757,6.47,Auditory,3,0,4,High,3,3.26
1758,6.36,Visual,2,0,6,Low,3,3.32
1759,7.73,Auditory,3,0,5,Medium,1,1.63
1760,7.53,Kinesthetic,7,1,6,High,1,1.74
1761,5.47,Auditory,6,1,6,High,1,2.76
1762,5.53,Kinesthetic,4,1,7,Low,1,2.74
1763,8.76,Visual,7,0,5,High,1,1.12
1764,6.95,Visual,2,0,6,High,0,1.52
1765,9.33,Kinesthetic,7,1,5,Medium,1,0.84
1766,6.16,Visual,7,1,6,Medium,3,3.42
1767,7.24,Visual,2,0,5,Medium,0,1.38
1768,5.32,Kinesthetic,3,0,7,High,2,3.34
1769,6.91,Auditory,6,0,4,High,0,1.54
1770,8.42,Auditory,2,0,6,Low,2,1.79
1771,6.48,Auditory,7,1,7,Medium,3,3.26
1772,7.61,Kinesthetic,3,0,7,Low,1,1.69
1773,6.11,Auditory,2,1,7,High,2,2.94
1774,8.74,Visual,5,0,4,High,3,2.13
1775,6.53,Kinesthetic,6,0,6,Medium,0,1.74
1776,6.78,Auditory,6,1,6,Medium,3,3.11
1777,6.16,Visual,5,0,5,High,2,2.92
1778,7.08,Kinesthetic,4,0,4,High,3,2.96
1779,6.6,Visual,5,1,5,Medium,1,2.2
1780,9.99,Kinesthetic,2,1,4,High,0,0.0
1781,7.05,Kinesthetic,6,0,5,Medium,0,1.48
1782,7.68,Auditory,3,0,6,Low,3,2.66
1783,9.29,Auditory,7,0,4,Low,1,0.86
1784,8.81,Visual,5,1,5,Medium,2,1.59
1785,5.82,Auditory,5,0,5,Medium,2,3.09
1786,9.7,Visual,4,0,6,Medium,3,1.65
1787,6.76,Auditory,2,1,4,Medium,2,2.62
1788,8.71,Visual,3,0,4,High,0,0.64
1789,9.09,Visual,5,0,4,High,3,1.96
1790,8.91,Auditory,2,0,7,Medium,2,1.54
1791,6.69,Kinesthetic,4,1,5,Low,3,3.16
1792,7.61,Auditory,3,0,7,Medium,2,2.19
1793,8.29,Visual,5,0,7,Medium,1,1.36
1794,9.52,Kinesthetic,5,0,7,Medium,1,0.74
1795,5.39,Kinesthetic,6,1,4,High,0,2.31
1796,7.4,Auditory,6,0,4,Medium,3,2.8
1797,6.76,Auditory,6,0,4,Low,1,2.12
1798,8.12,Visual,6,1,7,Medium,1,1.44
1799,6.53,Visual,6,1,6,Medium,1,2.24
1800,6.14,Auditory,7,0,5,High,1,2.43
1801,8.71,Visual,7,1,6,High,0,0.64
1802,8.9,Auditory,5,0,6,Low,3,2.05
1803,7.81,Kinesthetic,7,0,5,Medium,3,2.6
1804,8.86,Visual,2,0,7,Medium,0,0.57
1805,6.76,Visual,6,1,4,Low,2,2.62
1806,9.59,Visual,7,0,5,High,2,1.2
1807,6.97,Visual,4,1,4,High,3,3.02
1808,5.22,Auditory,5,1,4,High,0,2.39
1809,7.75,Auditory,6,1,7,High,3,2.62
1810,9.29,Auditory,7,0,7,Low,0,0.36
1811,5.9,Kinesthetic,6,1,7,Low,2,3.05
1812,5.45,Visual,4,1,7,High,0,2.28
1813,5.26,Kinesthetic,3,0,6,High,3,3.87
1814,8.93,Auditory,7,1,6,Medium,3,2.04
1815,9.2,Auditory,2,1,6,Low,1,0.9
1816,6.72,Kinesthetic,4,1,7,High,2,2.64
1817,6.91,Auditory,5,1,6,Low,0,1.54
1818,8.61,Kinesthetic,3,1,7,High,3,2.2
1819,6.07,Auditory,5,0,4,High,1,2.46
1820,9.16,Kinesthetic,4,1,7,Low,2,1.42
1821,5.84,Auditory,5,0,7,Low,2,3.08
1822,7.77,Auditory,4,1,5,Medium,0,1.12
1823,5.23,Kinesthetic,6,1,4,Medium,2,3.38
1824,6.31,Kinesthetic,2,0,5,High,2,2.84
1825,6.15,Visual,5,1,7,High,2,2.92
1826,6.6,Kinesthetic,6,0,5,High,1,2.2
1827,8.35,Kinesthetic,3,1,4,High,0,0.83
1828,5.23,Visual,4,0,6,Low,2,3.38
1829,5.03,Visual,2,0,6,High,0,2.48
1830,5.34,Kinesthetic,5,0,7,High,2,3.33
1831,5.39,Kinesthetic,4,0,7,High,0,2.31
1832,6.29,Auditory,4,0,4,Low,1,2.36
1833,5.58,Visual,7,0,5,High,3,3.71
1834,5.48,Kinesthetic,4,0,5,Low,2,3.26
1835,7.38,Visual,4,0,5,Medium,1,1.81
1836,8.67,Auditory,6,0,6,Low,0,0.66
1837,8.56,Kinesthetic,6,1,6,Medium,0,0.72
1838,8.76,Visual,6,0,5,High,3,2.12
1839,7.82,Visual,3,1,5,High,2,2.09
1840,8.9,Visual,2,1,6,High,2,1.55
1841,6.18,Visual,7,0,7,Medium,2,2.91
1842,5.34,Visual,6,0,4,Medium,3,3.83
1843,9.47,Kinesthetic,7,0,5,Low,1,0.76
1844,6.51,Kinesthetic,3,0,6,High,0,1.74
1845,8.27,Kinesthetic,3,1,6,Low,0,0.87
1846,9.72,Auditory,3,0,5,Medium,1,0.64
1847,5.58,Visual,7,1,5,Low,1,2.71
1848,8.39,Auditory,3,1,6,Low,0,0.8
1849,6.15,Kinesthetic,3,1,7,High,1,2.42
1850,6.17,Kinesthetic,6,0,7,High,0,1.92
1851,5.38,Auditory,5,1,6,High,1,2.81
1852,8.89,Kinesthetic,6,1,7,Medium,2,1.55
1853,5.47,Visual,2,1,4,High,0,2.26
1854,6.55,Kinesthetic,5,0,6,High,1,2.22
1855,6.85,Auditory,4,0,4,Low,2,2.58
1856,7.17,Kinesthetic,4,0,6,Medium,1,1.92
1857,7.36,Auditory,4,1,4,Medium,3,2.82
1858,6.14,Visual,2,1,7,Medium,2,2.93
1859,5.16,Visual,2,0,5,Low,3,3.92
1860,7.12,Kinesthetic,6,0,6,Low,0,1.44
1861,6.68,Kinesthetic,3,0,4,High,1,2.16
1862,7.98,Visual,7,1,7,High,3,2.51
1863,9.51,Auditory,3,0,6,High,2,1.25
1864,8.56,Kinesthetic,5,1,6,Low,2,1.72
1865,5.82,Visual,7,0,4,High,3,3.59
1866,6.55,Kinesthetic,5,0,7,Medium,0,1.72
1867,6.58,Auditory,2,0,4,Medium,0,1.71
1868,7.07,Kinesthetic,4,0,7,Low,0,1.46
1869,5.02,Auditory,3,1,7,Low,0,2.49
1870,6.83,Kinesthetic,6,1,4,High,1,2.08
1871,8.93,Visual,6,1,4,Low,0,0.54
1872,7.09,Auditory,5,1,5,Medium,2,2.46
1873,9.09,Auditory,6,1,6,Low,2,1.46
1874,9.06,Visual,6,1,6,Medium,1,0.97
1875,6.01,Kinesthetic,4,0,6,Medium,2,3.0
1876,9.0,Auditory,2,0,5,Medium,1,1.0
1877,5.73,Kinesthetic,3,0,6,High,3,3.64
1878,8.41,Auditory,6,1,5,Medium,1,1.3
1879,8.05,Visual,5,0,7,Medium,2,1.97
1880,9.12,Kinesthetic,6,0,5,Medium,3,1.94
1881,7.0,Visual,6,1,6,High,2,2.5
1882,5.02,Kinesthetic,7,1,5,Low,0,2.49
1883,5.48,Auditory,5,0,5,Low,1,2.76
1884,8.87,Kinesthetic,2,0,6,High,2,1.57
1885,9.92,Kinesthetic,3,0,7,High,2,1.04
1886,5.31,Auditory,2,1,7,Low,3,3.84
1887,9.49,Auditory,6,0,4,High,2,1.25
1888,5.17,Kinesthetic,6,1,6,Medium,2,3.42
1889,7.61,Auditory,2,0,7,High,3,2.7
1890,5.11,Auditory,3,1,4,Medium,3,3.94
1891,5.52,Visual,7,1,6,Medium,0,2.24
1892,9.35,Visual,3,0,6,High,1,0.83
1893,8.23,Visual,2,1,6,High,0,0.88
1894,7.36,Auditory,3,0,5,High,2,2.32
1895,5.91,Auditory,3,1,6,Medium,0,2.04
1896,6.76,Visual,7,1,7,High,1,2.12
1897,9.43,Kinesthetic,6,1,4,Low,0,0.29
1898,9.0,Auditory,6,1,5,Medium,2,1.5
1899,7.73,Kinesthetic,7,1,6,Medium,1,1.63
1900,9.89,Visual,7,0,5,High,2,1.05
1901,7.03,Kinesthetic,6,1,6,Low,0,1.48
1902,6.99,Visual,4,1,7,Medium,1,2.0
1903,7.91,Auditory,2,0,7,High,1,1.54
1904,6.06,Auditory,6,1,6,High,3,3.47
1905,9.41,Auditory,7,1,4,Low,3,1.8
1906,9.96,Visual,6,0,4,High,2,1.02
1907,9.57,Kinesthetic,4,0,6,High,3,1.72
1908,6.14,Kinesthetic,3,1,5,Medium,0,1.93
1909,8.22,Auditory,5,1,4,Medium,1,1.39
1910,5.46,Kinesthetic,2,0,4,Medium,3,3.77
1911,9.9,Kinesthetic,4,1,6,Low,1,0.55
1912,7.3,Kinesthetic,5,0,5,High,1,1.85
1913,7.07,Auditory,5,1,4,High,2,2.46
1914,8.08,Kinesthetic,5,0,7,Medium,3,2.46
1915,6.29,Kinesthetic,5,1,7,High,0,1.86
1916,5.13,Kinesthetic,2,1,6,Low,3,3.94
1917,9.4,Auditory,4,1,6,High,2,1.3
1918,6.41,Visual,7,0,6,Low,3,3.3
1919,5.72,Kinesthetic,3,0,6,High,1,2.64
1920,6.01,Visual,7,0,4,High,0,2.0
1921,7.89,Visual,7,1,7,High,2,2.06
1922,9.1,Auditory,5,0,4,Medium,0,0.45
1923,7.62,Auditory,6,1,4,High,0,1.19
1924,6.42,Kinesthetic,4,0,5,High,0,1.79
1925,6.41,Auditory,3,0,7,High,3,3.3
1926,7.6,Auditory,5,1,6,Medium,3,2.7
1927,7.68,Visual,4,0,4,Medium,2,2.16
1928,9.44,Kinesthetic,6,1,6,High,3,1.78
1929,5.89,Kinesthetic,6,0,4,Low,0,2.06
1930,6.87,Kinesthetic,7,1,7,Medium,3,3.06
1931,6.0,Kinesthetic,5,0,7,Medium,1,2.5
1932,6.62,Auditory,2,0,5,Low,3,3.19
1933,5.37,Visual,5,1,5,Low,1,2.82
1934,7.06,Auditory,6,0,4,High,0,1.47
1935,7.52,Visual,7,0,6,Low,0,1.24
1936,6.01,Auditory,5,1,5,Medium,3,3.5
1937,9.87,Kinesthetic,3,1,6,Low,3,1.57
1938,6.54,Visual,7,1,5,Low,1,2.23
1939,6.02,Kinesthetic,7,1,6,High,0,1.99
1940,5.22,Visual,5,0,7,High,0,2.39
1941,5.12,Kinesthetic,4,1,4,Medium,1,2.94
1942,9.59,Visual,6,1,6,Low,2,1.2
1943,7.33,Auditory,2,1,5,High,3,2.84
1944,9.42,Auditory,2,0,7,Low,2,1.29
1945,7.06,Auditory,4,1,4,Medium,2,2.47
1946,9.91,Auditory,4,0,6,Medium,0,0.04
1947,8.58,Kinesthetic,7,1,6,Medium,2,1.71
1948,6.5,Visual,6,1,7,High,1,2.25
1949,8.85,Auditory,5,1,5,High,3,2.08
1950,6.42,Kinesthetic,3,1,6,Low,3,3.29
1951,7.41,Auditory,3,0,6,High,1,1.8
1952,6.04,Kinesthetic,6,1,7,Medium,3,3.48
1953,6.05,Auditory,2,0,5,Medium,2,2.98
1954,8.61,Kinesthetic,4,1,5,Medium,1,1.2
1955,5.38,Visual,2,0,5,Medium,2,3.31
1956,6.75,Kinesthetic,6,1,5,Low,0,1.62
1957,8.89,Auditory,2,0,6,High,3,2.05
1958,8.77,Visual,6,1,4,Medium,0,0.62
1959,9.96,Visual,7,1,4,Low,3,1.52
1960,9.28,Auditory,5,1,4,Low,2,1.36
1961,9.0,Visual,2,0,6,Medium,3,2.0
1962,5.85,Visual,6,1,6,High,2,3.08
1963,8.86,Kinesthetic,6,1,6,Medium,2,1.57
1964,7.34,Auditory,7,0,7,High,0,1.33
1965,6.37,Auditory,5,1,4,Medium,0,1.82
1966,6.27,Auditory,3,1,5,Low,3,3.36
1967,8.54,Auditory,5,0,6,High,3,2.23
1968,5.62,Auditory,6,0,7,Low,2,3.19
1969,7.68,Kinesthetic,5,1,5,Low,0,1.16
1970,5.16,Auditory,6,0,4,Low,3,3.92
1971,9.29,Kinesthetic,4,1,6,Medium,0,0.36
1972,5.09,Kinesthetic,2,1,6,Medium,0,2.46
1973,8.06,Visual,2,1,4,Low,0,0.97
1974,5.01,Visual,6,0,6,Low,3,4.0
1975,7.59,Kinesthetic,7,0,6,Medium,2,2.2
1976,9.37,Visual,3,0,5,High,0,0.32
1977,6.38,Auditory,4,0,4,Medium,3,3.31
1978,8.09,Visual,2,1,7,High,0,0.96
1979,6.16,Auditory,7,0,4,Medium,2,2.92
1980,6.18,Visual,4,1,5,Medium,2,2.91
1981,5.73,Auditory,5,0,4,Low,2,3.14
1982,8.44,Kinesthetic,4,0,4,High,3,2.28
1983,8.64,Kinesthetic,5,1,4,Low,3,2.18
1984,6.1,Visual,5,0,7,Medium,3,3.45
1985,9.61,Auditory,3,0,7,Medium,0,0.2
1986,5.78,Kinesthetic,7,1,4,Medium,2,3.11
1987,9.86,Visual,6,0,6,Medium,0,0.07
1988,6.27,Auditory,3,0,6,Low,1,2.37
1989,7.41,Visual,6,1,5,Medium,0,1.3
1990,6.45,Kinesthetic,2,0,4,Low,3,3.28
1991,6.3,Kinesthetic,7,1,5,Medium,3,3.35
1992,8.92,Visual,5,1,5,High,2,1.54
1993,5.01,Kinesthetic,4,0,5,Medium,1,3.0
1994,7.53,Kinesthetic,5,1,4,High,1,1.74
1995,6.55,Auditory,7,1,5,High,1,2.22
1996,8.63,Auditory,4,0,5,High,0,0.68
1997,5.09,Auditory,6,1,4,High,3,3.96
1998,6.01,Kinesthetic,6,1,7,High,0,2.0
1999,5.92,Visual,5,1,6,High,0,2.04
2000,5.8,Visual,6,0,7,Medium,0,2.1
